Algorithm,Dataset,Time_Elapsed,Best_Value,Round
greedy,dag121037_MEDIUM_0,0.0,-inf,
greedy,dag121037_MEDIUM_0,1.667471170425415,-440828.78490000253,0.0
greedy,dag121037_MEDIUM_0,1.7555983066558838,246185.72839999766,6051.0
greedy,dag121037_MEDIUM_0,1.7569267749786377,246185.72839999766,
