Algorithm,Dataset,Time_Elapsed,Best_Value
ilp,dag122485_MEDIUM_3,703.7044417858124,327479.12769999134
