Algorithm,Dataset,Time_Elapsed,Best_Value,Round
sghc,dag122485_MEDIUM_0,0.0,-inf,
sghc,dag122485_MEDIUM_0,1.6849546432495117,96701.14100000089,1.0
sghc,dag122485_MEDIUM_0,3.537648916244507,291797.0405000012,1.0
sghc,dag122485_MEDIUM_0,8.623982429504395,293104.22450000216,4.0
sghc,dag122485_MEDIUM_0,10.248209476470947,294527.19000000233,5.0
sghc,dag122485_MEDIUM_0,11.848533630371094,296011.42670000106,6.0
sghc,dag122485_MEDIUM_0,20.577529907226562,297768.94990000065,11.0
sghc,dag122485_MEDIUM_0,1000.0,297768.94990000065,
