Algorithm,Dataset,Time_Elapsed,Best_Value
ilp,dag121037_MEDIUM_4,612.4418952465057,323224.26359998854
