Algorithm,Dataset,Time_Elapsed,Best_Value,Round
sghc,dag122485_MEDIUM_4,0.0,-inf,
sghc,dag122485_MEDIUM_4,1.6771972179412842,95621.49400000104,1.0
sghc,dag122485_MEDIUM_4,3.470015287399292,294255.5561999996,1.0
sghc,dag122485_MEDIUM_4,8.919695377349854,299105.2566000024,4.0
sghc,dag122485_MEDIUM_4,10.509428024291992,302662.8772000009,5.0
sghc,dag122485_MEDIUM_4,20.513763427734375,302662.8772000009,
sghc,dag122485_MEDIUM_4,1000.0,302662.8772000009,
