Algorithm,Dataset,Time_Elapsed,Best_Value
ilp,dag122458_MEDIUM_1,808.6150753498077,329280.79209998663
