Algorithm,Dataset,Time_Elapsed,Best_Value,Round
sghc,dag121037_MEDIUM_1,0.0,-inf,
sghc,dag121037_MEDIUM_1,1.5096776485443115,103404.26059999986,1.0
sghc,dag121037_MEDIUM_1,3.1681699752807617,289776.7763000021,1.0
sghc,dag121037_MEDIUM_1,9.94566297531128,290283.41969999904,5.0
sghc,dag121037_MEDIUM_1,19.947104454040527,290283.41969999904,
sghc,dag121037_MEDIUM_1,20.384307622909546,290819.6974000006,11.0
sghc,dag121037_MEDIUM_1,21.888689279556274,291095.86879999994,12.0
sghc,dag121037_MEDIUM_1,1000.0,291095.86879999994,
