source,target,penalty
72680,101065,33.5365
101065,72680,33.5365
72680,111100,39.3319
111100,72680,39.3319
72680,85978,54.4880
85978,72680,54.4880
73204,23698,36.0596
23698,73204,36.0596
73204,50446,54.6589
50446,73204,54.6589
73204,117685,51.3166
117685,73204,51.3166
72731,99967,45.3709
99967,72731,45.3709
72731,2197,38.3117
2197,72731,38.3117
72731,100906,49.2994
100906,72731,49.2994
72731,74417,60.8103
74417,72731,60.8103
72731,99998,36.3583
99998,72731,36.3583
54587,99684,58.9258
99684,54587,58.9258
54587,34556,90.5889
34556,54587,90.5889
110396,115583,84.3793
115583,110396,84.3793
110396,16781,64.6792
16781,110396,64.6792
79908,80796,58.0070
80796,79908,58.0070
79908,43190,93.9875
43190,79908,93.9875
79908,100612,63.4520
100612,79908,63.4520
79991,100733,60.1380
100733,79991,60.1380
79991,117492,85.7719
117492,79991,85.7719
44306,110422,51.3431
110422,44306,51.3431
44306,105042,82.5410
105042,44306,82.5410
44306,89820,56.2559
89820,44306,56.2559
44306,15794,54.6199
15794,44306,54.6199
44306,80628,84.1129
80628,44306,84.1129
54589,119897,49.9415
119897,54589,49.9415
54589,36859,54.8190
36859,54589,54.8190
54589,83875,43.9439
83875,54589,43.9439
54589,100676,46.7743
100676,54589,46.7743
54589,99811,38.9299
99811,54589,38.9299
54593,29998,39.2450
29998,54593,39.2450
54593,118762,67.4609
118762,54593,67.4609
54593,18652,59.4289
18652,54593,59.4289
54593,23528,63.6454
23528,54593,63.6454
4960,13885,62.8025
13885,4960,62.8025
4960,4585,51.3160
4585,4960,51.3160
4960,112211,38.1702
112211,4960,38.1702
4960,81313,65.4852
81313,4960,65.4852
75096,87446,178.1675
87446,75096,178.1675
75096,101064,142.1823
101064,75096,142.1823
75101,25727,162.7575
25727,75101,162.7575
75101,99661,108.9746
99661,75101,108.9746
75101,43649,162.2128
43649,75101,162.2128
75101,40943,137.9286
40943,75101,137.9286
75125,35078,85.9829
35078,75125,85.9829
75125,11919,160.1639
11919,75125,160.1639
75125,18976,113.1110
18976,75125,113.1110
79907,31875,79.5510
31875,79907,79.5510
79907,79424,46.2329
79424,79907,46.2329
79907,111243,49.2605
111243,79907,49.2605
79907,35981,47.8456
35981,79907,47.8456
79907,91564,68.4717
91564,79907,68.4717
73142,109045,61.9903
109045,73142,61.9903
73142,4592,59.4011
4592,73142,59.4011
73142,102693,63.4407
102693,73142,63.4407
73142,90008,87.0599
90008,73142,87.0599
83210,24918,98.7974
24918,83210,98.7974
83210,47886,99.2600
47886,83210,99.2600
83210,89278,69.8369
89278,83210,69.8369
83210,42306,62.8737
42306,83210,62.8737
83210,12947,97.6767
12947,83210,97.6767
72982,39689,40.7756
39689,72982,40.7756
72982,28383,73.4951
28383,72982,73.4951
72982,28548,65.7009
28548,72982,65.7009
72982,99948,46.7601
99948,72982,46.7601
72982,32404,61.4227
32404,72982,61.4227
73220,100012,43.2014
100012,73220,43.2014
73220,4585,79.9475
4585,73220,79.9475
73220,21408,60.4288
21408,73220,60.4288
73220,89822,68.3994
89822,73220,68.3994
73220,15079,66.9962
15079,73220,66.9962
49019,26095,58.5707
26095,49019,58.5707
49019,33992,51.5346
33992,49019,51.5346
49019,103036,80.9734
103036,49019,80.9734
46568,98895,57.8186
98895,46568,57.8186
46568,89378,52.6134
89378,46568,52.6134
46568,105042,61.5623
105042,46568,61.5623
109918,10891,48.6697
10891,109918,48.6697
109918,110100,32.2173
110100,109918,32.2173
109918,39031,41.1391
39031,109918,41.1391
109918,90829,40.2696
90829,109918,40.2696
109918,39893,39.6069
39893,109918,39.6069
110759,41641,37.0771
41641,110759,37.0771
110759,15094,44.7110
15094,110759,44.7110
5036,42159,52.1399
42159,5036,52.1399
5036,108013,43.8692
108013,5036,43.8692
5036,78505,46.3761
78505,5036,46.3761
4803,13379,48.9931
13379,4803,48.9931
4803,42159,35.7596
42159,4803,35.7596
73189,109452,57.3737
109452,73189,57.3737
73189,35412,65.1881
35412,73189,65.1881
73189,89412,63.1971
89412,73189,63.1971
73581,46559,64.9329
46559,73581,64.9329
73581,102693,70.0423
102693,73581,70.0423
73581,17210,69.1068
17210,73581,69.1068
73581,28630,59.4466
28630,73581,59.4466
73581,41509,45.7225
41509,73581,45.7225
73528,42157,91.5641
42157,73528,91.5641
73528,120058,85.7193
120058,73528,85.7193
73528,40601,76.3593
40601,73528,76.3593
73528,5470,63.5277
5470,73528,63.5277
73528,99825,44.9890
99825,73528,44.9890
73205,35899,44.1032
35899,73205,44.1032
73205,78799,42.4084
78799,73205,42.4084
73205,80628,26.8346
80628,73205,26.8346
73205,3366,35.2245
3366,73205,35.2245
73738,21564,94.1564
21564,73738,94.1564
73738,80921,68.7207
80921,73738,68.7207
73738,102323,53.5816
102323,73738,53.5816
73538,110689,37.5471
110689,73538,37.5471
73538,50084,39.6554
50084,73538,39.6554
73538,99439,53.6109
99439,73538,53.6109
73538,87847,37.3510
87847,73538,37.3510
73538,47518,63.9420
47518,73538,63.9420
45123,100627,103.2067
100627,45123,103.2067
45123,100788,104.2360
100788,45123,104.2360
45123,111847,74.7517
111847,45123,74.7517
45123,98620,81.0716
98620,45123,81.0716
73377,83376,89.6525
83376,73377,89.6525
73377,2508,93.7978
2508,73377,93.7978
73377,108566,91.6052
108566,73377,91.6052
73377,17541,53.9163
17541,73377,53.9163
73377,42339,50.9251
42339,73377,50.9251
73456,4874,125.0596
4874,73456,125.0596
73456,78099,85.1444
78099,73456,85.1444
73456,25544,99.1426
25544,73456,99.1426
72979,79424,62.1499
79424,72979,62.1499
72979,28028,73.7768
28028,72979,73.7768
72979,75520,46.4168
75520,72979,46.4168
73493,73861,89.2800
73861,73493,89.2800
73493,80602,102.8863
80602,73493,102.8863
41226,108801,84.1681
108801,41226,84.1681
41226,101912,72.3245
101912,41226,72.3245
41226,23268,55.8008
23268,41226,55.8008
41226,24039,69.9442
24039,41226,69.9442
53485,89880,29.5983
89880,53485,29.5983
53485,45812,49.8590
45812,53485,49.8590
53485,24945,40.1425
24945,53485,40.1425
53485,99738,30.1066
99738,53485,30.1066
40739,25310,78.7745
25310,40739,78.7745
40739,109525,60.6659
109525,40739,60.6659
40739,15090,83.2415
15090,40739,83.2415
40739,11943,97.9342
11943,40739,97.9342
40739,81852,60.8775
81852,40739,60.8775
72998,100868,104.1272
100868,72998,104.1272
72998,74795,86.5992
74795,72998,86.5992
72998,5530,115.5066
5530,72998,115.5066
72998,38279,68.3447
38279,72998,68.3447
72998,109634,72.5187
109634,72998,72.5187
73421,6374,71.5426
6374,73421,71.5426
73421,102113,70.4868
102113,73421,70.4868
73421,28219,65.6861
28219,73421,65.6861
73421,100734,82.1107
100734,73421,82.1107
72911,29430,140.1227
29430,72911,140.1227
72911,1800,128.4501
1800,72911,128.4501
73454,99644,99.3865
99644,73454,99.3865
73454,85060,99.7755
85060,73454,99.7755
73454,104603,74.2298
104603,73454,74.2298
72529,99706,26.3597
99706,72529,26.3597
72529,48851,31.0447
48851,72529,31.0447
72529,100840,23.3672
100840,72529,23.3672
73154,100774,95.4289
100774,73154,95.4289
73154,100036,75.0725
100036,73154,75.0725
73094,102251,106.6215
102251,73094,106.6215
73094,7309,67.7698
7309,73094,67.7698
73361,52857,93.0598
52857,73361,93.0598
73361,74020,97.2350
74020,73361,97.2350
73361,15173,81.3842
15173,73361,81.3842
72675,84328,96.7161
84328,72675,96.7161
72675,16333,62.4242
16333,72675,62.4242
72675,118880,72.7351
118880,72675,72.7351
72675,8414,97.9608
8414,72675,97.9608
80017,52851,102.7064
52851,80017,102.7064
80017,106608,62.1959
106608,80017,62.1959
80017,119687,119.2708
119687,80017,119.2708
80017,78696,95.3817
78696,80017,95.3817
38876,42339,55.1514
42339,38876,55.1514
38876,119461,35.0684
119461,38876,35.0684
72835,88353,96.3610
88353,72835,96.3610
72835,7317,99.7290
7317,72835,99.7290
43054,240,74.6208
240,43054,74.6208
43054,52851,105.3744
52851,43054,105.3744
43054,99850,84.6643
99850,43054,84.6643
26172,100646,37.7819
100646,26172,37.7819
26172,109332,54.7416
109332,26172,54.7416
26172,43189,68.4118
43189,26172,68.4118
26172,28548,47.3532
28548,26172,47.3532
26172,28382,74.5886
28382,26172,74.5886
36796,35625,37.2748
35625,36796,37.2748
36796,5035,62.3599
5035,36796,62.3599
36796,100604,38.1617
100604,36796,38.1617
36796,40222,48.7261
40222,36796,48.7261
36878,100629,43.7689
100629,36878,43.7689
36878,48729,58.6916
48729,36878,58.6916
36878,91392,73.8876
91392,36878,73.8876
36878,75277,73.4525
75277,36878,73.4525
37083,119250,141.1286
119250,37083,141.1286
37083,102253,191.6231
102253,37083,191.6231
37083,105645,118.2374
105645,37083,118.2374
37083,99755,191.1842
99755,37083,191.1842
37092,81107,161.7008
81107,37092,161.7008
37092,102283,134.6359
102283,37092,134.6359
37092,78753,161.2242
78753,37092,161.2242
120042,99923,85.7999
99923,120042,85.7999
120042,54314,146.6751
54314,120042,146.6751
120042,98354,167.0311
98354,120042,167.0311
120042,18387,111.1826
18387,120042,111.1826
73069,11616,52.5254
11616,73069,52.5254
73069,99716,89.7435
99716,73069,89.7435
73069,6693,78.9484
6693,73069,78.9484
73025,95684,124.0232
95684,73025,124.0232
73025,16412,126.3129
16412,73025,126.3129
73025,14765,139.9591
14765,73025,139.9591
94324,55319,127.5951
55319,94324,127.5951
94324,48575,124.7227
48575,94324,124.7227
94324,1271,89.3571
1271,94324,89.3571
94324,100905,121.8647
100905,94324,121.8647
120044,5675,79.8030
5675,120044,79.8030
120044,49560,71.1253
49560,120044,71.1253
120044,19480,89.9531
19480,120044,89.9531
120044,101343,89.9931
101343,120044,89.9931
54081,13071,50.2511
13071,54081,50.2511
54081,7914,72.2185
7914,54081,72.2185
47806,90008,72.6598
90008,47806,72.6598
47806,28430,61.9019
28430,47806,61.9019
47806,43854,64.3362
43854,47806,64.3362
47806,96338,115.9870
96338,47806,115.9870
53912,52885,67.2981
52885,53912,67.2981
53912,44590,111.9221
44590,53912,111.9221
53912,90412,102.7699
90412,53912,102.7699
53912,15440,105.6667
15440,53912,105.6667
53912,94042,87.2638
94042,53912,87.2638
14713,82157,73.5108
82157,14713,73.5108
14713,45493,61.0248
45493,14713,61.0248
52425,10829,79.9716
10829,52425,79.9716
52425,47518,70.9176
47518,52425,70.9176
52425,111836,98.1736
111836,52425,98.1736
52425,99738,75.7600
99738,52425,75.7600
55368,1420,51.5821
1420,55368,51.5821
55368,37737,41.1233
37737,55368,41.1233
29906,100626,76.2280
100626,29906,76.2280
29906,111100,62.6625
111100,29906,62.6625
76224,18790,40.8689
18790,76224,40.8689
76224,105930,67.5136
105930,76224,67.5136
76224,1983,81.2816
1983,76224,81.2816
76225,86780,64.0195
86780,76225,64.0195
76225,119642,81.5319
119642,76225,81.5319
76225,109114,76.7163
109114,76225,76.7163
76225,86521,49.1040
86521,76225,49.1040
76225,3000,59.3246
3000,76225,59.3246
76227,99760,62.8738
99760,76227,62.8738
76227,112211,114.4183
112211,76227,114.4183
74291,23268,102.9040
23268,74291,102.9040
74291,29871,102.9040
29871,74291,102.9040
74291,61055,102.9040
61055,74291,102.9040
74291,94657,102.9040
94657,74291,102.9040
23268,29871,102.9040
29871,23268,102.9040
23268,61055,102.9040
61055,23268,102.9040
23268,94657,102.9040
94657,23268,102.9040
29871,61055,102.9040
61055,29871,102.9040
29871,94657,102.9040
94657,29871,102.9040
61055,94657,102.9040
94657,61055,102.9040
87075,60061,295.5395
60061,87075,295.5395
87075,93171,295.5395
93171,87075,295.5395
60061,93171,295.5395
93171,60061,295.5395
111273,56634,83.2557
56634,111273,83.2557
111273,68203,83.2557
68203,111273,83.2557
111273,2045,83.2557
2045,111273,83.2557
56634,68203,83.2557
68203,56634,83.2557
56634,2045,83.2557
2045,56634,83.2557
68203,2045,83.2557
2045,68203,83.2557
83628,87895,139.7132
87895,83628,139.7132
83628,44035,139.7132
44035,83628,139.7132
83628,55991,139.7132
55991,83628,139.7132
87895,44035,139.7132
44035,87895,139.7132
87895,55991,139.7132
55991,87895,139.7132
44035,55991,139.7132
55991,44035,139.7132
23392,47072,60.5342
47072,23392,60.5342
23392,90871,60.5342
90871,23392,60.5342
47072,90871,60.5342
90871,47072,60.5342
34181,49731,83.3063
49731,34181,83.3063
34181,81887,83.3063
81887,34181,83.3063
34181,114690,83.3063
114690,34181,83.3063
49731,81887,83.3063
81887,49731,83.3063
49731,114690,83.3063
114690,49731,83.3063
81887,114690,83.3063
114690,81887,83.3063
70546,10574,229.7640
10574,70546,229.7640
70546,114119,229.7640
114119,70546,229.7640
70546,50135,229.7640
50135,70546,229.7640
10574,114119,229.7640
114119,10574,229.7640
10574,50135,229.7640
50135,10574,229.7640
114119,50135,229.7640
50135,114119,229.7640
34458,80008,111.7972
80008,34458,111.7972
34458,93659,111.7972
93659,34458,111.7972
80008,93659,111.7972
93659,80008,111.7972
105400,7487,28.8791
7487,105400,28.8791
105400,100627,28.8791
100627,105400,28.8791
105400,93552,28.8791
93552,105400,28.8791
7487,100627,28.8791
100627,7487,28.8791
7487,93552,28.8791
93552,7487,28.8791
100627,93552,28.8791
93552,100627,28.8791
54282,93968,83.0047
93968,54282,83.0047
54282,99956,83.0047
99956,54282,83.0047
54282,78871,83.0047
78871,54282,83.0047
54282,111100,83.0047
111100,54282,83.0047
93968,99956,83.0047
99956,93968,83.0047
93968,78871,83.0047
78871,93968,83.0047
93968,111100,83.0047
111100,93968,83.0047
99956,78871,83.0047
78871,99956,83.0047
99956,111100,83.0047
111100,99956,83.0047
78871,111100,83.0047
111100,78871,83.0047
100623,57120,135.8796
57120,100623,135.8796
100623,71297,135.8796
71297,100623,135.8796
100623,89354,135.8796
89354,100623,135.8796
57120,71297,135.8796
71297,57120,135.8796
57120,89354,135.8796
89354,57120,135.8796
71297,89354,135.8796
89354,71297,135.8796
68826,75657,54.6262
75657,68826,54.6262
68826,14390,54.6262
14390,68826,54.6262
68826,53296,54.6262
53296,68826,54.6262
75657,14390,54.6262
14390,75657,54.6262
75657,53296,54.6262
53296,75657,54.6262
14390,53296,54.6262
53296,14390,54.6262
35606,66880,143.2827
66880,35606,143.2827
35606,116802,143.2827
116802,35606,143.2827
35606,118762,143.2827
118762,35606,143.2827
35606,103229,143.2827
103229,35606,143.2827
66880,116802,143.2827
116802,66880,143.2827
66880,118762,143.2827
118762,66880,143.2827
66880,103229,143.2827
103229,66880,143.2827
116802,118762,143.2827
118762,116802,143.2827
116802,103229,143.2827
103229,116802,143.2827
118762,103229,143.2827
103229,118762,143.2827
91062,93423,222.1904
93423,91062,222.1904
91062,93293,222.1904
93293,91062,222.1904
91062,120044,222.1904
120044,91062,222.1904
91062,61480,222.1904
61480,91062,222.1904
93423,93293,222.1904
93293,93423,222.1904
93423,120044,222.1904
120044,93423,222.1904
93423,61480,222.1904
61480,93423,222.1904
93293,120044,222.1904
120044,93293,222.1904
93293,61480,222.1904
61480,93293,222.1904
120044,61480,222.1904
61480,120044,222.1904
29921,56942,72.9908
56942,29921,72.9908
29921,73858,72.9908
73858,29921,72.9908
29921,118554,72.9908
118554,29921,72.9908
29921,99779,72.9908
99779,29921,72.9908
56942,73858,72.9908
73858,56942,72.9908
56942,118554,72.9908
118554,56942,72.9908
56942,99779,72.9908
99779,56942,72.9908
73858,118554,72.9908
118554,73858,72.9908
73858,99779,72.9908
99779,73858,72.9908
118554,99779,72.9908
99779,118554,72.9908
74523,50809,100.8747
50809,74523,100.8747
74523,50668,100.8747
50668,74523,100.8747
50809,50668,100.8747
50668,50809,100.8747
6650,100437,155.2516
100437,6650,155.2516
6650,73316,155.2516
73316,6650,155.2516
6650,43537,155.2516
43537,6650,155.2516
6650,60982,155.2516
60982,6650,155.2516
100437,73316,155.2516
73316,100437,155.2516
100437,43537,155.2516
43537,100437,155.2516
100437,60982,155.2516
60982,100437,155.2516
73316,43537,155.2516
43537,73316,155.2516
73316,60982,155.2516
60982,73316,155.2516
43537,60982,155.2516
60982,43537,155.2516
95431,94489,97.9621
94489,95431,97.9621
95431,109850,97.9621
109850,95431,97.9621
94489,109850,97.9621
109850,94489,97.9621
29746,32127,123.5897
32127,29746,123.5897
29746,100128,123.5897
100128,29746,123.5897
32127,100128,123.5897
100128,32127,123.5897
90468,38818,35.7591
38818,90468,35.7591
90468,88296,35.7591
88296,90468,35.7591
90468,9662,35.7591
9662,90468,35.7591
90468,8274,35.7591
8274,90468,35.7591
38818,88296,35.7591
88296,38818,35.7591
38818,9662,35.7591
9662,38818,35.7591
38818,8274,35.7591
8274,38818,35.7591
88296,9662,35.7591
9662,88296,35.7591
88296,8274,35.7591
8274,88296,35.7591
9662,8274,35.7591
8274,9662,35.7591
59989,101837,130.5123
101837,59989,130.5123
59989,85579,130.5123
85579,59989,130.5123
59989,56584,130.5123
56584,59989,130.5123
101837,85579,130.5123
85579,101837,130.5123
101837,56584,130.5123
56584,101837,130.5123
85579,56584,130.5123
56584,85579,130.5123
93829,72823,194.1772
72823,93829,194.1772
93829,56804,194.1772
56804,93829,194.1772
72823,56804,194.1772
56804,72823,194.1772
31261,859,63.6278
859,31261,63.6278
31261,26487,63.6278
26487,31261,63.6278
31261,105482,63.6278
105482,31261,63.6278
31261,80821,63.6278
80821,31261,63.6278
859,26487,63.6278
26487,859,63.6278
859,105482,63.6278
105482,859,63.6278
859,80821,63.6278
80821,859,63.6278
26487,105482,63.6278
105482,26487,63.6278
26487,80821,63.6278
80821,26487,63.6278
105482,80821,63.6278
80821,105482,63.6278
68027,47236,138.4190
47236,68027,138.4190
68027,104565,138.4190
104565,68027,138.4190
47236,104565,138.4190
104565,47236,138.4190
69013,60131,90.6435
60131,69013,90.6435
69013,57181,90.6435
57181,69013,90.6435
69013,100919,90.6435
100919,69013,90.6435
60131,57181,90.6435
57181,60131,90.6435
60131,100919,90.6435
100919,60131,90.6435
57181,100919,90.6435
100919,57181,90.6435
51871,83969,82.9490
83969,51871,82.9490
51871,87576,82.9490
87576,51871,82.9490
51871,11919,82.9490
11919,51871,82.9490
83969,87576,82.9490
87576,83969,82.9490
83969,11919,82.9490
11919,83969,82.9490
87576,11919,82.9490
11919,87576,82.9490
54304,59980,79.6554
59980,54304,79.6554
54304,53653,79.6554
53653,54304,79.6554
59980,53653,79.6554
53653,59980,79.6554
11433,22972,80.2458
22972,11433,80.2458
11433,116491,80.2458
116491,11433,80.2458
22972,116491,80.2458
116491,22972,80.2458
57381,100009,42.1579
100009,57381,42.1579
57381,36168,42.1579
36168,57381,42.1579
57381,75017,42.1579
75017,57381,42.1579
57381,17297,42.1579
17297,57381,42.1579
100009,36168,42.1579
36168,100009,42.1579
100009,75017,42.1579
75017,100009,42.1579
100009,17297,42.1579
17297,100009,42.1579
36168,75017,42.1579
75017,36168,42.1579
36168,17297,42.1579
17297,36168,42.1579
75017,17297,42.1579
17297,75017,42.1579
99881,57596,174.8168
57596,99881,174.8168
99881,76561,174.8168
76561,99881,174.8168
57596,76561,174.8168
76561,57596,174.8168
83852,13572,59.7874
13572,83852,59.7874
83852,51021,59.7874
51021,83852,59.7874
83852,81313,59.7874
81313,83852,59.7874
13572,51021,59.7874
51021,13572,59.7874
13572,81313,59.7874
81313,13572,59.7874
51021,81313,59.7874
81313,51021,59.7874
7627,8382,63.2241
8382,7627,63.2241
7627,30778,63.2241
30778,7627,63.2241
8382,30778,63.2241
30778,8382,63.2241
83112,104409,193.0798
104409,83112,193.0798
83112,91318,193.0798
91318,83112,193.0798
83112,74219,193.0798
74219,83112,193.0798
83112,62233,193.0798
62233,83112,193.0798
104409,91318,193.0798
91318,104409,193.0798
104409,74219,193.0798
74219,104409,193.0798
104409,62233,193.0798
62233,104409,193.0798
91318,74219,193.0798
74219,91318,193.0798
91318,62233,193.0798
62233,91318,193.0798
74219,62233,193.0798
62233,74219,193.0798
84131,87336,88.1583
87336,84131,88.1583
84131,10167,88.1583
10167,84131,88.1583
84131,22642,88.1583
22642,84131,88.1583
87336,10167,88.1583
10167,87336,88.1583
87336,22642,88.1583
22642,87336,88.1583
10167,22642,88.1583
22642,10167,88.1583
74884,16702,44.3349
16702,74884,44.3349
74884,39230,44.3349
39230,74884,44.3349
16702,39230,44.3349
39230,16702,44.3349
26095,103413,99.2427
103413,26095,99.2427
26095,57668,99.2427
57668,26095,99.2427
26095,12999,99.2427
12999,26095,99.2427
26095,51315,99.2427
51315,26095,99.2427
103413,57668,99.2427
57668,103413,99.2427
103413,12999,99.2427
12999,103413,99.2427
103413,51315,99.2427
51315,103413,99.2427
57668,12999,99.2427
12999,57668,99.2427
57668,51315,99.2427
51315,57668,99.2427
12999,51315,99.2427
51315,12999,99.2427
63743,21311,127.9655
21311,63743,127.9655
63743,74777,127.9655
74777,63743,127.9655
63743,62812,127.9655
62812,63743,127.9655
63743,99960,127.9655
99960,63743,127.9655
21311,74777,127.9655
74777,21311,127.9655
21311,62812,127.9655
62812,21311,127.9655
21311,99960,127.9655
99960,21311,127.9655
74777,62812,127.9655
62812,74777,127.9655
74777,99960,127.9655
99960,74777,127.9655
62812,99960,127.9655
99960,62812,127.9655
16699,52979,105.0588
52979,16699,105.0588
16699,46977,105.0588
46977,16699,105.0588
52979,46977,105.0588
46977,52979,105.0588
117870,117138,43.7207
117138,117870,43.7207
117870,76165,43.7207
76165,117870,43.7207
117870,42044,43.7207
42044,117870,43.7207
117870,98361,43.7207
98361,117870,43.7207
117138,76165,43.7207
76165,117138,43.7207
117138,42044,43.7207
42044,117138,43.7207
117138,98361,43.7207
98361,117138,43.7207
76165,42044,43.7207
42044,76165,43.7207
76165,98361,43.7207
98361,76165,43.7207
42044,98361,43.7207
98361,42044,43.7207
53485,103687,128.2806
103687,53485,128.2806
53485,59169,128.2806
59169,53485,128.2806
53485,54698,128.2806
54698,53485,128.2806
103687,59169,128.2806
59169,103687,128.2806
103687,54698,128.2806
54698,103687,128.2806
59169,54698,128.2806
54698,59169,128.2806
118500,49958,162.0952
49958,118500,162.0952
118500,106314,162.0952
106314,118500,162.0952
118500,37876,162.0952
37876,118500,162.0952
49958,106314,162.0952
106314,49958,162.0952
49958,37876,162.0952
37876,49958,162.0952
106314,37876,162.0952
37876,106314,162.0952
97132,108223,44.8240
108223,97132,44.8240
97132,110983,44.8240
110983,97132,44.8240
97132,22637,44.8240
22637,97132,44.8240
108223,110983,44.8240
110983,108223,44.8240
108223,22637,44.8240
22637,108223,44.8240
110983,22637,44.8240
22637,110983,44.8240
103332,119656,99.0812
119656,103332,99.0812
103332,60450,99.0812
60450,103332,99.0812
103332,99690,99.0812
99690,103332,99.0812
103332,26744,99.0812
26744,103332,99.0812
119656,60450,99.0812
60450,119656,99.0812
119656,99690,99.0812
99690,119656,99.0812
119656,26744,99.0812
26744,119656,99.0812
60450,99690,99.0812
99690,60450,99.0812
60450,26744,99.0812
26744,60450,99.0812
99690,26744,99.0812
26744,99690,99.0812
96105,5131,114.4838
5131,96105,114.4838
96105,9464,114.4838
9464,96105,114.4838
5131,9464,114.4838
9464,5131,114.4838
58099,59893,160.5368
59893,58099,160.5368
58099,78710,160.5368
78710,58099,160.5368
59893,78710,160.5368
78710,59893,160.5368
104330,5036,212.8225
5036,104330,212.8225
104330,99580,212.8225
99580,104330,212.8225
5036,99580,212.8225
99580,5036,212.8225
27804,100813,106.5996
100813,27804,106.5996
27804,111609,106.5996
111609,27804,106.5996
27804,25214,106.5996
25214,27804,106.5996
27804,29892,106.5996
29892,27804,106.5996
100813,111609,106.5996
111609,100813,106.5996
100813,25214,106.5996
25214,100813,106.5996
100813,29892,106.5996
29892,100813,106.5996
111609,25214,106.5996
25214,111609,106.5996
111609,29892,106.5996
29892,111609,106.5996
25214,29892,106.5996
29892,25214,106.5996
61462,60466,102.1774
60466,61462,102.1774
61462,8414,102.1774
8414,61462,102.1774
61462,60373,102.1774
60373,61462,102.1774
61462,13057,102.1774
13057,61462,102.1774
60466,8414,102.1774
8414,60466,102.1774
60466,60373,102.1774
60373,60466,102.1774
60466,13057,102.1774
13057,60466,102.1774
8414,60373,102.1774
60373,8414,102.1774
8414,13057,102.1774
13057,8414,102.1774
60373,13057,102.1774
13057,60373,102.1774
107324,119330,96.5029
119330,107324,96.5029
107324,45976,96.5029
45976,107324,96.5029
107324,66938,96.5029
66938,107324,96.5029
119330,45976,96.5029
45976,119330,96.5029
119330,66938,96.5029
66938,119330,96.5029
45976,66938,96.5029
66938,45976,96.5029
80570,100134,122.3696
100134,80570,122.3696
80570,89021,122.3696
89021,80570,122.3696
100134,89021,122.3696
89021,100134,122.3696
82604,65868,45.2442
65868,82604,45.2442
82604,120889,45.2442
120889,82604,45.2442
65868,120889,45.2442
120889,65868,45.2442
30952,4475,211.3104
4475,30952,211.3104
30952,112530,211.3104
112530,30952,211.3104
30952,101483,211.3104
101483,30952,211.3104
4475,112530,211.3104
112530,4475,211.3104
4475,101483,211.3104
101483,4475,211.3104
112530,101483,211.3104
101483,112530,211.3104
107640,64543,112.8275
64543,107640,112.8275
107640,76425,112.8275
76425,107640,112.8275
107640,49159,112.8275
49159,107640,112.8275
107640,44476,112.8275
44476,107640,112.8275
64543,76425,112.8275
76425,64543,112.8275
64543,49159,112.8275
49159,64543,112.8275
64543,44476,112.8275
44476,64543,112.8275
76425,49159,112.8275
49159,76425,112.8275
76425,44476,112.8275
44476,76425,112.8275
49159,44476,112.8275
44476,49159,112.8275
77929,74673,153.3751
74673,77929,153.3751
77929,66662,153.3751
66662,77929,153.3751
74673,66662,153.3751
66662,74673,153.3751
93562,55301,131.3093
55301,93562,131.3093
93562,10238,131.3093
10238,93562,131.3093
55301,10238,131.3093
10238,55301,131.3093
22507,100488,115.7033
100488,22507,115.7033
22507,97079,115.7033
97079,22507,115.7033
22507,15794,115.7033
15794,22507,115.7033
100488,97079,115.7033
97079,100488,115.7033
100488,15794,115.7033
15794,100488,115.7033
97079,15794,115.7033
15794,97079,115.7033
73892,71424,164.8099
71424,73892,164.8099
73892,98126,164.8099
98126,73892,164.8099
73892,104162,164.8099
104162,73892,164.8099
71424,98126,164.8099
98126,71424,164.8099
71424,104162,164.8099
104162,71424,164.8099
98126,104162,164.8099
104162,98126,164.8099
37526,109292,45.5022
109292,37526,45.5022
37526,79805,45.5022
79805,37526,45.5022
109292,79805,45.5022
79805,109292,45.5022
47714,9450,39.4364
9450,47714,39.4364
47714,41997,39.4364
41997,47714,39.4364
47714,101975,39.4364
101975,47714,39.4364
9450,41997,39.4364
41997,9450,39.4364
9450,101975,39.4364
101975,9450,39.4364
41997,101975,39.4364
101975,41997,39.4364
100568,58763,51.0520
58763,100568,51.0520
100568,104889,51.0520
104889,100568,51.0520
100568,98354,51.0520
98354,100568,51.0520
58763,104889,51.0520
104889,58763,51.0520
58763,98354,51.0520
98354,58763,51.0520
104889,98354,51.0520
98354,104889,51.0520
57615,84433,198.6317
84433,57615,198.6317
57615,75959,198.6317
75959,57615,198.6317
84433,75959,198.6317
75959,84433,198.6317
85982,8861,192.8406
8861,85982,192.8406
85982,49173,192.8406
49173,85982,192.8406
85982,68690,192.8406
68690,85982,192.8406
85982,52379,192.8406
52379,85982,192.8406
8861,49173,192.8406
49173,8861,192.8406
8861,68690,192.8406
68690,8861,192.8406
8861,52379,192.8406
52379,8861,192.8406
49173,68690,192.8406
68690,49173,192.8406
49173,52379,192.8406
52379,49173,192.8406
68690,52379,192.8406
52379,68690,192.8406
85811,39893,80.5424
39893,85811,80.5424
85811,97915,80.5424
97915,85811,80.5424
39893,97915,80.5424
97915,39893,80.5424
78182,111870,50.5072
111870,78182,50.5072
78182,48420,50.5072
48420,78182,50.5072
78182,49890,50.5072
49890,78182,50.5072
111870,48420,50.5072
48420,111870,50.5072
111870,49890,50.5072
49890,111870,50.5072
48420,49890,50.5072
49890,48420,50.5072
15264,23749,117.7671
23749,15264,117.7671
15264,60256,117.7671
60256,15264,117.7671
15264,36523,117.7671
36523,15264,117.7671
15264,40998,117.7671
40998,15264,117.7671
23749,60256,117.7671
60256,23749,117.7671
23749,36523,117.7671
36523,23749,117.7671
23749,40998,117.7671
40998,23749,117.7671
60256,36523,117.7671
36523,60256,117.7671
60256,40998,117.7671
40998,60256,117.7671
36523,40998,117.7671
40998,36523,117.7671
107924,96350,128.5943
96350,107924,128.5943
107924,36045,128.5943
36045,107924,128.5943
107924,112214,128.5943
112214,107924,128.5943
107924,67981,128.5943
67981,107924,128.5943
96350,36045,128.5943
36045,96350,128.5943
96350,112214,128.5943
112214,96350,128.5943
96350,67981,128.5943
67981,96350,128.5943
36045,112214,128.5943
112214,36045,128.5943
36045,67981,128.5943
67981,36045,128.5943
112214,67981,128.5943
67981,112214,128.5943
111835,90637,256.5172
90637,111835,256.5172
111835,45608,256.5172
45608,111835,256.5172
90637,45608,256.5172
45608,90637,256.5172
103412,64939,166.2031
64939,103412,166.2031
103412,2738,166.2031
2738,103412,166.2031
64939,2738,166.2031
2738,64939,166.2031
88049,46568,114.2867
46568,88049,114.2867
88049,10293,114.2867
10293,88049,114.2867
46568,10293,114.2867
10293,46568,114.2867
90654,18114,121.5410
18114,90654,121.5410
90654,56336,121.5410
56336,90654,121.5410
18114,56336,121.5410
56336,18114,121.5410
57246,81725,76.5632
81725,57246,76.5632
57246,74302,76.5632
74302,57246,76.5632
81725,74302,76.5632
74302,81725,76.5632
61249,1390,104.3069
1390,61249,104.3069
61249,100927,104.3069
100927,61249,104.3069
61249,87660,104.3069
87660,61249,104.3069
61249,119552,104.3069
119552,61249,104.3069
1390,100927,104.3069
100927,1390,104.3069
1390,87660,104.3069
87660,1390,104.3069
1390,119552,104.3069
119552,1390,104.3069
100927,87660,104.3069
87660,100927,104.3069
100927,119552,104.3069
119552,100927,104.3069
87660,119552,104.3069
119552,87660,104.3069
52694,117731,69.0951
117731,52694,69.0951
52694,80141,69.0951
80141,52694,69.0951
52694,113649,69.0951
113649,52694,69.0951
117731,80141,69.0951
80141,117731,69.0951
117731,113649,69.0951
113649,117731,69.0951
80141,113649,69.0951
113649,80141,69.0951
112666,63088,111.0109
63088,112666,111.0109
112666,116069,111.0109
116069,112666,111.0109
63088,116069,111.0109
116069,63088,111.0109
62240,4546,136.5341
4546,62240,136.5341
62240,83088,136.5341
83088,62240,136.5341
62240,117143,136.5341
117143,62240,136.5341
62240,52492,136.5341
52492,62240,136.5341
4546,83088,136.5341
83088,4546,136.5341
4546,117143,136.5341
117143,4546,136.5341
4546,52492,136.5341
52492,4546,136.5341
83088,117143,136.5341
117143,83088,136.5341
83088,52492,136.5341
52492,83088,136.5341
117143,52492,136.5341
52492,117143,136.5341
39071,45764,179.2973
45764,39071,179.2973
39071,4801,179.2973
4801,39071,179.2973
39071,119224,179.2973
119224,39071,179.2973
45764,4801,179.2973
4801,45764,179.2973
45764,119224,179.2973
119224,45764,179.2973
4801,119224,179.2973
119224,4801,179.2973
11809,59622,157.0792
59622,11809,157.0792
11809,62688,157.0792
62688,11809,157.0792
11809,9044,157.0792
9044,11809,157.0792
59622,62688,157.0792
62688,59622,157.0792
59622,9044,157.0792
9044,59622,157.0792
62688,9044,157.0792
9044,62688,157.0792
112605,58827,88.2732
58827,112605,88.2732
112605,19096,88.2732
19096,112605,88.2732
112605,109525,88.2732
109525,112605,88.2732
112605,68788,88.2732
68788,112605,88.2732
58827,19096,88.2732
19096,58827,88.2732
58827,109525,88.2732
109525,58827,88.2732
58827,68788,88.2732
68788,58827,88.2732
19096,109525,88.2732
109525,19096,88.2732
19096,68788,88.2732
68788,19096,88.2732
109525,68788,88.2732
68788,109525,88.2732
58182,102283,98.6912
102283,58182,98.6912
58182,34961,98.6912
34961,58182,98.6912
58182,84529,98.6912
84529,58182,98.6912
102283,34961,98.6912
34961,102283,98.6912
102283,84529,98.6912
84529,102283,98.6912
34961,84529,98.6912
84529,34961,98.6912
47229,74649,50.5416
74649,47229,50.5416
47229,100646,50.5416
100646,47229,50.5416
47229,99556,50.5416
99556,47229,50.5416
47229,56540,50.5416
56540,47229,50.5416
74649,100646,50.5416
100646,74649,50.5416
74649,99556,50.5416
99556,74649,50.5416
74649,56540,50.5416
56540,74649,50.5416
100646,99556,50.5416
99556,100646,50.5416
100646,56540,50.5416
56540,100646,50.5416
99556,56540,50.5416
56540,99556,50.5416
8891,100965,93.6846
100965,8891,93.6846
8891,86976,93.6846
86976,8891,93.6846
8891,103171,93.6846
103171,8891,93.6846
8891,88638,93.6846
88638,8891,93.6846
100965,86976,93.6846
86976,100965,93.6846
100965,103171,93.6846
103171,100965,93.6846
100965,88638,93.6846
88638,100965,93.6846
86976,103171,93.6846
103171,86976,93.6846
86976,88638,93.6846
88638,86976,93.6846
103171,88638,93.6846
88638,103171,93.6846
96746,63706,130.4228
63706,96746,130.4228
96746,52230,130.4228
52230,96746,130.4228
96746,34815,130.4228
34815,96746,130.4228
63706,52230,130.4228
52230,63706,130.4228
63706,34815,130.4228
34815,63706,130.4228
52230,34815,130.4228
34815,52230,130.4228
11632,98236,152.7239
98236,11632,152.7239
11632,72838,152.7239
72838,11632,152.7239
11632,112944,152.7239
112944,11632,152.7239
98236,72838,152.7239
72838,98236,152.7239
98236,112944,152.7239
112944,98236,152.7239
72838,112944,152.7239
112944,72838,152.7239
28259,9627,107.9374
9627,28259,107.9374
28259,76749,107.9374
76749,28259,107.9374
28259,101755,107.9374
101755,28259,107.9374
9627,76749,107.9374
76749,9627,107.9374
9627,101755,107.9374
101755,9627,107.9374
76749,101755,107.9374
101755,76749,107.9374
100897,74377,84.3602
74377,100897,84.3602
100897,60737,84.3602
60737,100897,84.3602
100897,87659,84.3602
87659,100897,84.3602
100897,104814,84.3602
104814,100897,84.3602
74377,60737,84.3602
60737,74377,84.3602
74377,87659,84.3602
87659,74377,84.3602
74377,104814,84.3602
104814,74377,84.3602
60737,87659,84.3602
87659,60737,84.3602
60737,104814,84.3602
104814,60737,84.3602
87659,104814,84.3602
104814,87659,84.3602
91803,42604,250.9921
42604,91803,250.9921
91803,101732,250.9921
101732,91803,250.9921
42604,101732,250.9921
101732,42604,250.9921
25365,103329,128.3616
103329,25365,128.3616
25365,99616,128.3616
99616,25365,128.3616
25365,81397,128.3616
81397,25365,128.3616
103329,99616,128.3616
99616,103329,128.3616
103329,81397,128.3616
81397,103329,128.3616
99616,81397,128.3616
81397,99616,128.3616
54120,118881,107.8872
118881,54120,107.8872
54120,106892,107.8872
106892,54120,107.8872
54120,3304,107.8872
3304,54120,107.8872
54120,8898,107.8872
8898,54120,107.8872
118881,106892,107.8872
106892,118881,107.8872
118881,3304,107.8872
3304,118881,107.8872
118881,8898,107.8872
8898,118881,107.8872
106892,3304,107.8872
3304,106892,107.8872
106892,8898,107.8872
8898,106892,107.8872
3304,8898,107.8872
8898,3304,107.8872
82539,99974,4.2166
99974,82539,4.2166
82539,44721,4.2166
44721,82539,4.2166
99974,44721,4.2166
44721,99974,4.2166
61951,41977,84.1320
41977,61951,84.1320
61951,86702,84.1320
86702,61951,84.1320
41977,86702,84.1320
86702,41977,84.1320
75986,14757,120.2186
14757,75986,120.2186
75986,52368,120.2186
52368,75986,120.2186
75986,67424,120.2186
67424,75986,120.2186
75986,90009,120.2186
90009,75986,120.2186
14757,52368,120.2186
52368,14757,120.2186
14757,67424,120.2186
67424,14757,120.2186
14757,90009,120.2186
90009,14757,120.2186
52368,67424,120.2186
67424,52368,120.2186
52368,90009,120.2186
90009,52368,120.2186
67424,90009,120.2186
90009,67424,120.2186
59764,91993,60.8069
91993,59764,60.8069
59764,101016,60.8069
101016,59764,60.8069
91993,101016,60.8069
101016,91993,60.8069
111415,60051,79.8169
60051,111415,79.8169
111415,90570,79.8169
90570,111415,79.8169
111415,112827,79.8169
112827,111415,79.8169
111415,35625,79.8169
35625,111415,79.8169
60051,90570,79.8169
90570,60051,79.8169
60051,112827,79.8169
112827,60051,79.8169
60051,35625,79.8169
35625,60051,79.8169
90570,112827,79.8169
112827,90570,79.8169
90570,35625,79.8169
35625,90570,79.8169
112827,35625,79.8169
35625,112827,79.8169
54314,80074,118.7954
80074,54314,118.7954
54314,57297,118.7954
57297,54314,118.7954
54314,6565,118.7954
6565,54314,118.7954
80074,57297,118.7954
57297,80074,118.7954
80074,6565,118.7954
6565,80074,118.7954
57297,6565,118.7954
6565,57297,118.7954
79424,37652,85.6742
37652,79424,85.6742
79424,6660,85.6742
6660,79424,85.6742
37652,6660,85.6742
6660,37652,85.6742
3695,39332,182.2280
39332,3695,182.2280
3695,100011,182.2280
100011,3695,182.2280
3695,65280,182.2280
65280,3695,182.2280
3695,54593,182.2280
54593,3695,182.2280
39332,100011,182.2280
100011,39332,182.2280
39332,65280,182.2280
65280,39332,182.2280
39332,54593,182.2280
54593,39332,182.2280
100011,65280,182.2280
65280,100011,182.2280
100011,54593,182.2280
54593,100011,182.2280
65280,54593,182.2280
54593,65280,182.2280
65429,29523,114.7945
29523,65429,114.7945
65429,42600,114.7945
42600,65429,114.7945
65429,84427,114.7945
84427,65429,114.7945
65429,35802,114.7945
35802,65429,114.7945
29523,42600,114.7945
42600,29523,114.7945
29523,84427,114.7945
84427,29523,114.7945
29523,35802,114.7945
35802,29523,114.7945
42600,84427,114.7945
84427,42600,114.7945
42600,35802,114.7945
35802,42600,114.7945
84427,35802,114.7945
35802,84427,114.7945
44990,85773,183.7006
85773,44990,183.7006
44990,36436,183.7006
36436,44990,183.7006
85773,36436,183.7006
36436,85773,183.7006
30629,12883,126.4023
12883,30629,126.4023
30629,82489,126.4023
82489,30629,126.4023
30629,102444,126.4023
102444,30629,126.4023
30629,30330,126.4023
30330,30629,126.4023
12883,82489,126.4023
82489,12883,126.4023
12883,102444,126.4023
102444,12883,126.4023
12883,30330,126.4023
30330,12883,126.4023
82489,102444,126.4023
102444,82489,126.4023
82489,30330,126.4023
30330,82489,126.4023
102444,30330,126.4023
30330,102444,126.4023
111081,59536,172.7716
59536,111081,172.7716
111081,68908,172.7716
68908,111081,172.7716
59536,68908,172.7716
68908,59536,172.7716
67389,100784,200.2258
100784,67389,200.2258
67389,98657,200.2258
98657,67389,200.2258
67389,101730,200.2258
101730,67389,200.2258
67389,6194,200.2258
6194,67389,200.2258
100784,98657,200.2258
98657,100784,200.2258
100784,101730,200.2258
101730,100784,200.2258
100784,6194,200.2258
6194,100784,200.2258
98657,101730,200.2258
101730,98657,200.2258
98657,6194,200.2258
6194,98657,200.2258
101730,6194,200.2258
6194,101730,200.2258
95455,4399,32.1606
4399,95455,32.1606
95455,50084,32.1606
50084,95455,32.1606
95455,88050,32.1606
88050,95455,32.1606
4399,50084,32.1606
50084,4399,32.1606
4399,88050,32.1606
88050,4399,32.1606
50084,88050,32.1606
88050,50084,32.1606
84627,94640,138.6197
94640,84627,138.6197
84627,103793,138.6197
103793,84627,138.6197
84627,52413,138.6197
52413,84627,138.6197
94640,103793,138.6197
103793,94640,138.6197
94640,52413,138.6197
52413,94640,138.6197
103793,52413,138.6197
52413,103793,138.6197
19047,55446,136.9682
55446,19047,136.9682
19047,28737,136.9682
28737,19047,136.9682
19047,83170,136.9682
83170,19047,136.9682
55446,28737,136.9682
28737,55446,136.9682
55446,83170,136.9682
83170,55446,136.9682
28737,83170,136.9682
83170,28737,136.9682
51556,27872,178.6826
27872,51556,178.6826
51556,108742,178.6826
108742,51556,178.6826
51556,14891,178.6826
14891,51556,178.6826
27872,108742,178.6826
108742,27872,178.6826
27872,14891,178.6826
14891,27872,178.6826
108742,14891,178.6826
14891,108742,178.6826
55563,110431,94.0676
110431,55563,94.0676
55563,71174,94.0676
71174,55563,94.0676
55563,91869,94.0676
91869,55563,94.0676
55563,80921,94.0676
80921,55563,94.0676
110431,71174,94.0676
71174,110431,94.0676
110431,91869,94.0676
91869,110431,94.0676
110431,80921,94.0676
80921,110431,94.0676
71174,91869,94.0676
91869,71174,94.0676
71174,80921,94.0676
80921,71174,94.0676
91869,80921,94.0676
80921,91869,94.0676
109348,39765,22.6942
39765,109348,22.6942
109348,82595,22.6942
82595,109348,22.6942
109348,3799,22.6942
3799,109348,22.6942
39765,82595,22.6942
82595,39765,22.6942
39765,3799,22.6942
3799,39765,22.6942
82595,3799,22.6942
3799,82595,22.6942
22787,112317,96.8338
112317,22787,96.8338
22787,11449,96.8338
11449,22787,96.8338
22787,99965,96.8338
99965,22787,96.8338
112317,11449,96.8338
11449,112317,96.8338
112317,99965,96.8338
99965,112317,96.8338
11449,99965,96.8338
99965,11449,96.8338
14461,56471,212.9135
56471,14461,212.9135
14461,72238,212.9135
72238,14461,212.9135
56471,72238,212.9135
72238,56471,212.9135
55282,97816,98.2075
97816,55282,98.2075
55282,117489,98.2075
117489,55282,98.2075
55282,26897,98.2075
26897,55282,98.2075
55282,27451,98.2075
27451,55282,98.2075
97816,117489,98.2075
117489,97816,98.2075
97816,26897,98.2075
26897,97816,98.2075
97816,27451,98.2075
27451,97816,98.2075
117489,26897,98.2075
26897,117489,98.2075
117489,27451,98.2075
27451,117489,98.2075
26897,27451,98.2075
27451,26897,98.2075
99948,40479,143.4667
40479,99948,143.4667
99948,47057,143.4667
47057,99948,143.4667
99948,92511,143.4667
92511,99948,143.4667
99948,69677,143.4667
69677,99948,143.4667
40479,47057,143.4667
47057,40479,143.4667
40479,92511,143.4667
92511,40479,143.4667
40479,69677,143.4667
69677,40479,143.4667
47057,92511,143.4667
92511,47057,143.4667
47057,69677,143.4667
69677,47057,143.4667
92511,69677,143.4667
69677,92511,143.4667
86517,97403,93.2418
97403,86517,93.2418
86517,100570,93.2418
100570,86517,93.2418
97403,100570,93.2418
100570,97403,93.2418
21385,46966,58.8595
46966,21385,58.8595
21385,54730,58.8595
54730,21385,58.8595
21385,34061,58.8595
34061,21385,58.8595
46966,54730,58.8595
54730,46966,58.8595
46966,34061,58.8595
34061,46966,58.8595
54730,34061,58.8595
34061,54730,58.8595
46839,37141,155.3780
37141,46839,155.3780
46839,87015,155.3780
87015,46839,155.3780
46839,101864,155.3780
101864,46839,155.3780
37141,87015,155.3780
87015,37141,155.3780
37141,101864,155.3780
101864,37141,155.3780
87015,101864,155.3780
101864,87015,155.3780
81811,93347,113.5992
93347,81811,113.5992
81811,79999,113.5992
79999,81811,113.5992
81811,24668,113.5992
24668,81811,113.5992
93347,79999,113.5992
79999,93347,113.5992
93347,24668,113.5992
24668,93347,113.5992
79999,24668,113.5992
24668,79999,113.5992
4987,70212,210.0169
70212,4987,210.0169
4987,80741,210.0169
80741,4987,210.0169
4987,40173,210.0169
40173,4987,210.0169
70212,80741,210.0169
80741,70212,210.0169
70212,40173,210.0169
40173,70212,210.0169
80741,40173,210.0169
40173,80741,210.0169
31210,44075,42.3685
44075,31210,42.3685
31210,58762,42.3685
58762,31210,42.3685
44075,58762,42.3685
58762,44075,42.3685
24080,7403,68.2903
7403,24080,68.2903
24080,3125,68.2903
3125,24080,68.2903
24080,90614,68.2903
90614,24080,68.2903
7403,3125,68.2903
3125,7403,68.2903
7403,90614,68.2903
90614,7403,68.2903
3125,90614,68.2903
90614,3125,68.2903
111617,43902,95.2780
43902,111617,95.2780
111617,120664,95.2780
120664,111617,95.2780
111617,113043,95.2780
113043,111617,95.2780
43902,120664,95.2780
120664,43902,95.2780
43902,113043,95.2780
113043,43902,95.2780
120664,113043,95.2780
113043,120664,95.2780
29612,11700,82.4661
11700,29612,82.4661
29612,11264,82.4661
11264,29612,82.4661
11700,11264,82.4661
11264,11700,82.4661
69718,82542,112.9939
82542,69718,112.9939
69718,102273,112.9939
102273,69718,112.9939
69718,61193,112.9939
61193,69718,112.9939
69718,53274,112.9939
53274,69718,112.9939
82542,102273,112.9939
102273,82542,112.9939
82542,61193,112.9939
61193,82542,112.9939
82542,53274,112.9939
53274,82542,112.9939
102273,61193,112.9939
61193,102273,112.9939
102273,53274,112.9939
53274,102273,112.9939
61193,53274,112.9939
53274,61193,112.9939
65091,18790,87.6253
18790,65091,87.6253
65091,10150,87.6253
10150,65091,87.6253
65091,2828,87.6253
2828,65091,87.6253
18790,10150,87.6253
10150,18790,87.6253
18790,2828,87.6253
2828,18790,87.6253
10150,2828,87.6253
2828,10150,87.6253
100800,36424,23.7636
36424,100800,23.7636
100800,46493,23.7636
46493,100800,23.7636
36424,46493,23.7636
46493,36424,23.7636
85265,25727,109.4944
25727,85265,109.4944
85265,99967,109.4944
99967,85265,109.4944
85265,103172,109.4944
103172,85265,109.4944
25727,99967,109.4944
99967,25727,109.4944
25727,103172,109.4944
103172,25727,109.4944
99967,103172,109.4944
103172,99967,109.4944
11425,92735,225.5669
92735,11425,225.5669
11425,94985,225.5669
94985,11425,225.5669
92735,94985,225.5669
94985,92735,225.5669
62441,111818,85.9952
111818,62441,85.9952
62441,92020,85.9952
92020,62441,85.9952
62441,60751,85.9952
60751,62441,85.9952
62441,99687,85.9952
99687,62441,85.9952
111818,92020,85.9952
92020,111818,85.9952
111818,60751,85.9952
60751,111818,85.9952
111818,99687,85.9952
99687,111818,85.9952
92020,60751,85.9952
60751,92020,85.9952
92020,99687,85.9952
99687,92020,85.9952
60751,99687,85.9952
99687,60751,85.9952
70213,68714,175.2306
68714,70213,175.2306
70213,89003,175.2306
89003,70213,175.2306
70213,65099,175.2306
65099,70213,175.2306
68714,89003,175.2306
89003,68714,175.2306
68714,65099,175.2306
65099,68714,175.2306
89003,65099,175.2306
65099,89003,175.2306
99907,43904,95.5564
43904,99907,95.5564
99907,69023,95.5564
69023,99907,95.5564
99907,84119,95.5564
84119,99907,95.5564
99907,112565,95.5564
112565,99907,95.5564
43904,69023,95.5564
69023,43904,95.5564
43904,84119,95.5564
84119,43904,95.5564
43904,112565,95.5564
112565,43904,95.5564
69023,84119,95.5564
84119,69023,95.5564
69023,112565,95.5564
112565,69023,95.5564
84119,112565,95.5564
112565,84119,95.5564
63592,69412,151.7774
69412,63592,151.7774
63592,94295,151.7774
94295,63592,151.7774
69412,94295,151.7774
94295,69412,151.7774
111272,17215,99.7224
17215,111272,99.7224
111272,116519,99.7224
116519,111272,99.7224
111272,70587,99.7224
70587,111272,99.7224
111272,11559,99.7224
11559,111272,99.7224
17215,116519,99.7224
116519,17215,99.7224
17215,70587,99.7224
70587,17215,99.7224
17215,11559,99.7224
11559,17215,99.7224
116519,70587,99.7224
70587,116519,99.7224
116519,11559,99.7224
11559,116519,99.7224
70587,11559,99.7224
11559,70587,99.7224
110823,6620,20.1023
6620,110823,20.1023
110823,18166,20.1023
18166,110823,20.1023
110823,80649,20.1023
80649,110823,20.1023
6620,18166,20.1023
18166,6620,20.1023
6620,80649,20.1023
80649,6620,20.1023
18166,80649,20.1023
80649,18166,20.1023
45731,99783,121.4177
99783,45731,121.4177
45731,87936,121.4177
87936,45731,121.4177
99783,87936,121.4177
87936,99783,121.4177
66083,113179,89.7124
113179,66083,89.7124
66083,17050,89.7124
17050,66083,89.7124
66083,45877,89.7124
45877,66083,89.7124
113179,17050,89.7124
17050,113179,89.7124
113179,45877,89.7124
45877,113179,89.7124
17050,45877,89.7124
45877,17050,89.7124
74645,80470,110.5541
80470,74645,110.5541
74645,66852,110.5541
66852,74645,110.5541
74645,15787,110.5541
15787,74645,110.5541
80470,66852,110.5541
66852,80470,110.5541
80470,15787,110.5541
15787,80470,110.5541
66852,15787,110.5541
15787,66852,110.5541
38208,107816,48.9332
107816,38208,48.9332
38208,81128,48.9332
81128,38208,48.9332
38208,101920,48.9332
101920,38208,48.9332
107816,81128,48.9332
81128,107816,48.9332
107816,101920,48.9332
101920,107816,48.9332
81128,101920,48.9332
101920,81128,48.9332
58351,58929,190.9215
58929,58351,190.9215
58351,13553,190.9215
13553,58351,190.9215
58351,58266,190.9215
58266,58351,190.9215
58929,13553,190.9215
13553,58929,190.9215
58929,58266,190.9215
58266,58929,190.9215
13553,58266,190.9215
58266,13553,190.9215
55145,86409,132.5770
86409,55145,132.5770
55145,55782,132.5770
55782,55145,132.5770
55145,100693,132.5770
100693,55145,132.5770
55145,11864,132.5770
11864,55145,132.5770
86409,55782,132.5770
55782,86409,132.5770
86409,100693,132.5770
100693,86409,132.5770
86409,11864,132.5770
11864,86409,132.5770
55782,100693,132.5770
100693,55782,132.5770
55782,11864,132.5770
11864,55782,132.5770
100693,11864,132.5770
11864,100693,132.5770
51121,120833,95.0555
120833,51121,95.0555
51121,9139,95.0555
9139,51121,95.0555
120833,9139,95.0555
9139,120833,95.0555
31334,15573,31.0140
15573,31334,31.0140
31334,39857,31.0140
39857,31334,31.0140
31334,112811,31.0140
112811,31334,31.0140
31334,43262,31.0140
43262,31334,31.0140
15573,39857,31.0140
39857,15573,31.0140
15573,112811,31.0140
112811,15573,31.0140
15573,43262,31.0140
43262,15573,31.0140
39857,112811,31.0140
112811,39857,31.0140
39857,43262,31.0140
43262,39857,31.0140
112811,43262,31.0140
43262,112811,31.0140
101091,114108,92.9164
114108,101091,92.9164
101091,9046,92.9164
9046,101091,92.9164
101091,103013,92.9164
103013,101091,92.9164
101091,114625,92.9164
114625,101091,92.9164
114108,9046,92.9164
9046,114108,92.9164
114108,103013,92.9164
103013,114108,92.9164
114108,114625,92.9164
114625,114108,92.9164
9046,103013,92.9164
103013,9046,92.9164
9046,114625,92.9164
114625,9046,92.9164
103013,114625,92.9164
114625,103013,92.9164
13523,73456,180.3351
73456,13523,180.3351
13523,75484,180.3351
75484,13523,180.3351
13523,101285,180.3351
101285,13523,180.3351
13523,99652,180.3351
99652,13523,180.3351
73456,75484,180.3351
75484,73456,180.3351
73456,101285,180.3351
101285,73456,180.3351
73456,99652,180.3351
99652,73456,180.3351
75484,101285,180.3351
101285,75484,180.3351
75484,99652,180.3351
99652,75484,180.3351
101285,99652,180.3351
99652,101285,180.3351
16807,90075,86.5033
90075,16807,86.5033
16807,14765,86.5033
14765,16807,86.5033
90075,14765,86.5033
14765,90075,86.5033
75501,90903,111.7305
90903,75501,111.7305
75501,58299,111.7305
58299,75501,111.7305
75501,6181,111.7305
6181,75501,111.7305
90903,58299,111.7305
58299,90903,111.7305
90903,6181,111.7305
6181,90903,111.7305
58299,6181,111.7305
6181,58299,111.7305
100022,6652,39.4463
6652,100022,39.4463
100022,118801,39.4463
118801,100022,39.4463
6652,118801,39.4463
118801,6652,39.4463
42215,15160,93.3173
15160,42215,93.3173
42215,65355,93.3173
65355,42215,93.3173
42215,3091,93.3173
3091,42215,93.3173
15160,65355,93.3173
65355,15160,93.3173
15160,3091,93.3173
3091,15160,93.3173
65355,3091,93.3173
3091,65355,93.3173
69722,35105,127.3832
35105,69722,127.3832
69722,76891,127.3832
76891,69722,127.3832
69722,7309,127.3832
7309,69722,127.3832
35105,76891,127.3832
76891,35105,127.3832
35105,7309,127.3832
7309,35105,127.3832
76891,7309,127.3832
7309,76891,127.3832
6596,112285,156.6789
112285,6596,156.6789
6596,233,156.6789
233,6596,156.6789
6596,8001,156.6789
8001,6596,156.6789
112285,233,156.6789
233,112285,156.6789
112285,8001,156.6789
8001,112285,156.6789
233,8001,156.6789
8001,233,156.6789
94212,119659,66.5194
119659,94212,66.5194
94212,116150,66.5194
116150,94212,66.5194
119659,116150,66.5194
116150,119659,66.5194
18806,57918,216.6484
57918,18806,216.6484
18806,36796,216.6484
36796,18806,216.6484
57918,36796,216.6484
36796,57918,216.6484
43272,41226,231.9859
41226,43272,231.9859
43272,104055,231.9859
104055,43272,231.9859
43272,52320,231.9859
52320,43272,231.9859
43272,32470,231.9859
32470,43272,231.9859
41226,104055,231.9859
104055,41226,231.9859
41226,52320,231.9859
52320,41226,231.9859
41226,32470,231.9859
32470,41226,231.9859
104055,52320,231.9859
52320,104055,231.9859
104055,32470,231.9859
32470,104055,231.9859
52320,32470,231.9859
32470,52320,231.9859
117868,73189,209.5881
73189,117868,209.5881
117868,72482,209.5881
72482,117868,209.5881
117868,6592,209.5881
6592,117868,209.5881
73189,72482,209.5881
72482,73189,209.5881
73189,6592,209.5881
6592,73189,209.5881
72482,6592,209.5881
6592,72482,209.5881
65883,30233,226.2173
30233,65883,226.2173
65883,30821,226.2173
30821,65883,226.2173
65883,61710,226.2173
61710,65883,226.2173
30233,30821,226.2173
30821,30233,226.2173
30233,61710,226.2173
61710,30233,226.2173
30821,61710,226.2173
61710,30821,226.2173
76748,89137,171.2066
89137,76748,171.2066
76748,70861,171.2066
70861,76748,171.2066
89137,70861,171.2066
70861,89137,171.2066
27731,92807,70.6478
92807,27731,70.6478
27731,46570,70.6478
46570,27731,70.6478
92807,46570,70.6478
46570,92807,70.6478
87582,16452,88.9485
16452,87582,88.9485
87582,55761,88.9485
55761,87582,88.9485
87582,9895,88.9485
9895,87582,88.9485
16452,55761,88.9485
55761,16452,88.9485
16452,9895,88.9485
9895,16452,88.9485
55761,9895,88.9485
9895,55761,88.9485
45153,91890,68.2824
91890,45153,68.2824
45153,8033,68.2824
8033,45153,68.2824
45153,58640,68.2824
58640,45153,68.2824
91890,8033,68.2824
8033,91890,68.2824
91890,58640,68.2824
58640,91890,68.2824
8033,58640,68.2824
58640,8033,68.2824
56644,7671,199.9393
7671,56644,199.9393
56644,49730,199.9393
49730,56644,199.9393
56644,113618,199.9393
113618,56644,199.9393
56644,4081,199.9393
4081,56644,199.9393
7671,49730,199.9393
49730,7671,199.9393
7671,113618,199.9393
113618,7671,199.9393
7671,4081,199.9393
4081,7671,199.9393
49730,113618,199.9393
113618,49730,199.9393
49730,4081,199.9393
4081,49730,199.9393
113618,4081,199.9393
4081,113618,199.9393
34011,32353,68.3879
32353,34011,68.3879
34011,100604,68.3879
100604,34011,68.3879
34011,42662,68.3879
42662,34011,68.3879
32353,100604,68.3879
100604,32353,68.3879
32353,42662,68.3879
42662,32353,68.3879
100604,42662,68.3879
42662,100604,68.3879
25069,69932,172.5545
69932,25069,172.5545
25069,6330,172.5545
6330,25069,172.5545
25069,73154,172.5545
73154,25069,172.5545
25069,107974,172.5545
107974,25069,172.5545
69932,6330,172.5545
6330,69932,172.5545
69932,73154,172.5545
73154,69932,172.5545
69932,107974,172.5545
107974,69932,172.5545
6330,73154,172.5545
73154,6330,172.5545
6330,107974,172.5545
107974,6330,172.5545
73154,107974,172.5545
107974,73154,172.5545
90608,70146,163.4433
70146,90608,163.4433
90608,100791,163.4433
100791,90608,163.4433
90608,6252,163.4433
6252,90608,163.4433
70146,100791,163.4433
100791,70146,163.4433
70146,6252,163.4433
6252,70146,163.4433
100791,6252,163.4433
6252,100791,163.4433
11188,11930,159.5387
11930,11188,159.5387
11188,91643,159.5387
91643,11188,159.5387
11188,60667,159.5387
60667,11188,159.5387
11188,41343,159.5387
41343,11188,159.5387
11930,91643,159.5387
91643,11930,159.5387
11930,60667,159.5387
60667,11930,159.5387
11930,41343,159.5387
41343,11930,159.5387
91643,60667,159.5387
60667,91643,159.5387
91643,41343,159.5387
41343,91643,159.5387
60667,41343,159.5387
41343,60667,159.5387
16294,50117,116.9232
50117,16294,116.9232
16294,55802,116.9232
55802,16294,116.9232
16294,81518,116.9232
81518,16294,116.9232
50117,55802,116.9232
55802,50117,116.9232
50117,81518,116.9232
81518,50117,116.9232
55802,81518,116.9232
81518,55802,116.9232
16708,66629,88.1651
66629,16708,88.1651
16708,91882,88.1651
91882,16708,88.1651
16708,114013,88.1651
114013,16708,88.1651
66629,91882,88.1651
91882,66629,88.1651
66629,114013,88.1651
114013,66629,88.1651
91882,114013,88.1651
114013,91882,88.1651
108530,113785,42.7271
113785,108530,42.7271
108530,100888,42.7271
100888,108530,42.7271
108530,64279,42.7271
64279,108530,42.7271
113785,100888,42.7271
100888,113785,42.7271
113785,64279,42.7271
64279,113785,42.7271
100888,64279,42.7271
64279,100888,42.7271
96287,9578,196.4521
9578,96287,196.4521
96287,101049,196.4521
101049,96287,196.4521
9578,101049,196.4521
101049,9578,196.4521
47806,65811,232.1958
65811,47806,232.1958
47806,23921,232.1958
23921,47806,232.1958
47806,73220,232.1958
73220,47806,232.1958
47806,5921,232.1958
5921,47806,232.1958
65811,23921,232.1958
23921,65811,232.1958
65811,73220,232.1958
73220,65811,232.1958
65811,5921,232.1958
5921,65811,232.1958
23921,73220,232.1958
73220,23921,232.1958
23921,5921,232.1958
5921,23921,232.1958
73220,5921,232.1958
5921,73220,232.1958
1463,61327,117.2408
61327,1463,117.2408
1463,63767,117.2408
63767,1463,117.2408
1463,57055,117.2408
57055,1463,117.2408
1463,110322,117.2408
110322,1463,117.2408
61327,63767,117.2408
63767,61327,117.2408
61327,57055,117.2408
57055,61327,117.2408
61327,110322,117.2408
110322,61327,117.2408
63767,57055,117.2408
57055,63767,117.2408
63767,110322,117.2408
110322,63767,117.2408
57055,110322,117.2408
110322,57055,117.2408
23737,49696,76.6616
49696,23737,76.6616
23737,60655,76.6616
60655,23737,76.6616
23737,100194,76.6616
100194,23737,76.6616
23737,56023,76.6616
56023,23737,76.6616
49696,60655,76.6616
60655,49696,76.6616
49696,100194,76.6616
100194,49696,76.6616
49696,56023,76.6616
56023,49696,76.6616
60655,100194,76.6616
100194,60655,76.6616
60655,56023,76.6616
56023,60655,76.6616
100194,56023,76.6616
56023,100194,76.6616
92438,77480,73.9062
77480,92438,73.9062
92438,60159,73.9062
60159,92438,73.9062
92438,41070,73.9062
41070,92438,73.9062
92438,102656,73.9062
102656,92438,73.9062
77480,60159,73.9062
60159,77480,73.9062
77480,41070,73.9062
41070,77480,73.9062
77480,102656,73.9062
102656,77480,73.9062
60159,41070,73.9062
41070,60159,73.9062
60159,102656,73.9062
102656,60159,73.9062
41070,102656,73.9062
102656,41070,73.9062
18359,113318,113.1693
113318,18359,113.1693
18359,100036,113.1693
100036,18359,113.1693
113318,100036,113.1693
100036,113318,113.1693
12155,22862,108.6225
22862,12155,108.6225
12155,105569,108.6225
105569,12155,108.6225
12155,39806,108.6225
39806,12155,108.6225
22862,105569,108.6225
105569,22862,108.6225
22862,39806,108.6225
39806,22862,108.6225
105569,39806,108.6225
39806,105569,108.6225
37048,51593,119.5328
51593,37048,119.5328
37048,40125,119.5328
40125,37048,119.5328
51593,40125,119.5328
40125,51593,119.5328
24537,87963,97.7053
87963,24537,97.7053
24537,110078,97.7053
110078,24537,97.7053
24537,100180,97.7053
100180,24537,97.7053
87963,110078,97.7053
110078,87963,97.7053
87963,100180,97.7053
100180,87963,97.7053
110078,100180,97.7053
100180,110078,97.7053
99815,102777,83.4247
102777,99815,83.4247
99815,83376,83.4247
83376,99815,83.4247
99815,62866,83.4247
62866,99815,83.4247
99815,58576,83.4247
58576,99815,83.4247
102777,83376,83.4247
83376,102777,83.4247
102777,62866,83.4247
62866,102777,83.4247
102777,58576,83.4247
58576,102777,83.4247
83376,62866,83.4247
62866,83376,83.4247
83376,58576,83.4247
58576,83376,83.4247
62866,58576,83.4247
58576,62866,83.4247
100759,118594,41.2424
118594,100759,41.2424
100759,3907,41.2424
3907,100759,41.2424
100759,98505,41.2424
98505,100759,41.2424
100759,105017,41.2424
105017,100759,41.2424
118594,3907,41.2424
3907,118594,41.2424
118594,98505,41.2424
98505,118594,41.2424
118594,105017,41.2424
105017,118594,41.2424
3907,98505,41.2424
98505,3907,41.2424
3907,105017,41.2424
105017,3907,41.2424
98505,105017,41.2424
105017,98505,41.2424
93056,30118,88.0373
30118,93056,88.0373
93056,47380,88.0373
47380,93056,88.0373
93056,8272,88.0373
8272,93056,88.0373
30118,47380,88.0373
47380,30118,88.0373
30118,8272,88.0373
8272,30118,88.0373
47380,8272,88.0373
8272,47380,88.0373
65406,34616,105.5141
34616,65406,105.5141
65406,94108,105.5141
94108,65406,105.5141
34616,94108,105.5141
94108,34616,105.5141
73221,109634,157.7304
109634,73221,157.7304
73221,58372,157.7304
58372,73221,157.7304
73221,80138,157.7304
80138,73221,157.7304
109634,58372,157.7304
58372,109634,157.7304
109634,80138,157.7304
80138,109634,157.7304
58372,80138,157.7304
80138,58372,157.7304
34817,47174,64.7871
47174,34817,64.7871
34817,64351,64.7871
64351,34817,64.7871
34817,102454,64.7871
102454,34817,64.7871
34817,23871,64.7871
23871,34817,64.7871
47174,64351,64.7871
64351,47174,64.7871
47174,102454,64.7871
102454,47174,64.7871
47174,23871,64.7871
23871,47174,64.7871
64351,102454,64.7871
102454,64351,64.7871
64351,23871,64.7871
23871,64351,64.7871
102454,23871,64.7871
23871,102454,64.7871
31440,101804,189.6258
101804,31440,189.6258
31440,34382,189.6258
34382,31440,189.6258
101804,34382,189.6258
34382,101804,189.6258
11523,68882,148.3588
68882,11523,148.3588
11523,8379,148.3588
8379,11523,148.3588
68882,8379,148.3588
8379,68882,148.3588
92143,3105,88.7198
3105,92143,88.7198
92143,70688,88.7198
70688,92143,88.7198
92143,28630,88.7198
28630,92143,88.7198
92143,93433,88.7198
93433,92143,88.7198
3105,70688,88.7198
70688,3105,88.7198
3105,28630,88.7198
28630,3105,88.7198
3105,93433,88.7198
93433,3105,88.7198
70688,28630,88.7198
28630,70688,88.7198
70688,93433,88.7198
93433,70688,88.7198
28630,93433,88.7198
93433,28630,88.7198
18410,100012,48.1051
100012,18410,48.1051
18410,10266,48.1051
10266,18410,48.1051
100012,10266,48.1051
10266,100012,48.1051
87124,106838,32.8133
106838,87124,32.8133
87124,99971,32.8133
99971,87124,32.8133
87124,53571,32.8133
53571,87124,32.8133
106838,99971,32.8133
99971,106838,32.8133
106838,53571,32.8133
53571,106838,32.8133
99971,53571,32.8133
53571,99971,32.8133
104603,107553,68.5618
107553,104603,68.5618
104603,46332,68.5618
46332,104603,68.5618
107553,46332,68.5618
46332,107553,68.5618
32514,99791,111.2941
99791,32514,111.2941
32514,58639,111.2941
58639,32514,111.2941
32514,51314,111.2941
51314,32514,111.2941
32514,61551,111.2941
61551,32514,111.2941
99791,58639,111.2941
58639,99791,111.2941
99791,51314,111.2941
51314,99791,111.2941
99791,61551,111.2941
61551,99791,111.2941
58639,51314,111.2941
51314,58639,111.2941
58639,61551,111.2941
61551,58639,111.2941
51314,61551,111.2941
61551,51314,111.2941
99734,24413,31.6123
24413,99734,31.6123
99734,65271,31.6123
65271,99734,31.6123
99734,101068,31.6123
101068,99734,31.6123
24413,65271,31.6123
65271,24413,31.6123
24413,101068,31.6123
101068,24413,31.6123
65271,101068,31.6123
101068,65271,31.6123
44295,106650,41.2245
106650,44295,41.2245
44295,110075,41.2245
110075,44295,41.2245
44295,99933,41.2245
99933,44295,41.2245
106650,110075,41.2245
110075,106650,41.2245
106650,99933,41.2245
99933,106650,41.2245
110075,99933,41.2245
99933,110075,41.2245
61417,81070,204.1740
81070,61417,204.1740
61417,59160,204.1740
59160,61417,204.1740
81070,59160,204.1740
59160,81070,204.1740
29906,99832,168.7042
99832,29906,168.7042
29906,64553,168.7042
64553,29906,168.7042
29906,107323,168.7042
107323,29906,168.7042
99832,64553,168.7042
64553,99832,168.7042
99832,107323,168.7042
107323,99832,168.7042
64553,107323,168.7042
107323,64553,168.7042
102786,110550,137.0337
110550,102786,137.0337
102786,19421,137.0337
19421,102786,137.0337
102786,8359,137.0337
8359,102786,137.0337
102786,56434,137.0337
56434,102786,137.0337
110550,19421,137.0337
19421,110550,137.0337
110550,8359,137.0337
8359,110550,137.0337
110550,56434,137.0337
56434,110550,137.0337
19421,8359,137.0337
8359,19421,137.0337
19421,56434,137.0337
56434,19421,137.0337
8359,56434,137.0337
56434,8359,137.0337
102548,89186,44.9383
89186,102548,44.9383
102548,96370,44.9383
96370,102548,44.9383
89186,96370,44.9383
96370,89186,44.9383
39293,102994,233.5824
102994,39293,233.5824
39293,64347,233.5824
64347,39293,233.5824
102994,64347,233.5824
64347,102994,233.5824
29687,35106,145.0538
35106,29687,145.0538
29687,57865,145.0538
57865,29687,145.0538
29687,66475,145.0538
66475,29687,145.0538
35106,57865,145.0538
57865,35106,145.0538
35106,66475,145.0538
66475,35106,145.0538
57865,66475,145.0538
66475,57865,145.0538
52240,91118,76.7359
91118,52240,76.7359
52240,80968,76.7359
80968,52240,76.7359
91118,80968,76.7359
80968,91118,76.7359
56950,104410,132.5774
104410,56950,132.5774
56950,62823,132.5774
62823,56950,132.5774
56950,41134,132.5774
41134,56950,132.5774
104410,62823,132.5774
62823,104410,132.5774
104410,41134,132.5774
41134,104410,132.5774
62823,41134,132.5774
41134,62823,132.5774
47518,23562,75.7997
23562,47518,75.7997
47518,49908,75.7997
49908,47518,75.7997
47518,58260,75.7997
58260,47518,75.7997
23562,49908,75.7997
49908,23562,75.7997
23562,58260,75.7997
58260,23562,75.7997
49908,58260,75.7997
58260,49908,75.7997
62915,72651,165.1913
72651,62915,165.1913
62915,17204,165.1913
17204,62915,165.1913
72651,17204,165.1913
17204,72651,165.1913
53946,71443,239.0157
71443,53946,239.0157
53946,73204,239.0157
73204,53946,239.0157
53946,64190,239.0157
64190,53946,239.0157
53946,56800,239.0157
56800,53946,239.0157
71443,73204,239.0157
73204,71443,239.0157
71443,64190,239.0157
64190,71443,239.0157
71443,56800,239.0157
56800,71443,239.0157
73204,64190,239.0157
64190,73204,239.0157
73204,56800,239.0157
56800,73204,239.0157
64190,56800,239.0157
56800,64190,239.0157
93195,101805,155.3967
101805,93195,155.3967
93195,57226,155.3967
57226,93195,155.3967
101805,57226,155.3967
57226,101805,155.3967
4480,67729,102.8570
67729,4480,102.8570
4480,117578,102.8570
117578,4480,102.8570
67729,117578,102.8570
117578,67729,102.8570
25950,94324,193.0603
94324,25950,193.0603
25950,28550,193.0603
28550,25950,193.0603
25950,43189,193.0603
43189,25950,193.0603
94324,28550,193.0603
28550,94324,193.0603
94324,43189,193.0603
43189,94324,193.0603
28550,43189,193.0603
43189,28550,193.0603
16037,53617,24.2232
53617,16037,24.2232
16037,23906,24.2232
23906,16037,24.2232
16037,10212,24.2232
10212,16037,24.2232
53617,23906,24.2232
23906,53617,24.2232
53617,10212,24.2232
10212,53617,24.2232
23906,10212,24.2232
10212,23906,24.2232
77465,24039,59.5836
24039,77465,59.5836
77465,82866,59.5836
82866,77465,59.5836
77465,34563,59.5836
34563,77465,59.5836
24039,82866,59.5836
82866,24039,59.5836
24039,34563,59.5836
34563,24039,59.5836
82866,34563,59.5836
34563,82866,59.5836
111441,79653,210.9718
79653,111441,210.9718
111441,45208,210.9718
45208,111441,210.9718
111441,79908,210.9718
79908,111441,210.9718
111441,43741,210.9718
43741,111441,210.9718
79653,45208,210.9718
45208,79653,210.9718
79653,79908,210.9718
79908,79653,210.9718
79653,43741,210.9718
43741,79653,210.9718
45208,79908,210.9718
79908,45208,210.9718
45208,43741,210.9718
43741,45208,210.9718
79908,43741,210.9718
43741,79908,210.9718
61754,61340,72.0231
61340,61754,72.0231
61754,100033,72.0231
100033,61754,72.0231
61340,100033,72.0231
100033,61340,72.0231
111847,27865,127.5413
27865,111847,127.5413
111847,84024,127.5413
84024,111847,127.5413
111847,72200,127.5413
72200,111847,127.5413
27865,84024,127.5413
84024,27865,127.5413
27865,72200,127.5413
72200,27865,127.5413
84024,72200,127.5413
72200,84024,127.5413
84525,28602,59.1738
28602,84525,59.1738
84525,28436,59.1738
28436,84525,59.1738
28602,28436,59.1738
28436,28602,59.1738
54081,44268,137.0627
44268,54081,137.0627
54081,17668,137.0627
17668,54081,137.0627
44268,17668,137.0627
17668,44268,137.0627
82488,103469,190.7326
103469,82488,190.7326
82488,113843,190.7326
113843,82488,190.7326
82488,44413,190.7326
44413,82488,190.7326
82488,64392,190.7326
64392,82488,190.7326
103469,113843,190.7326
113843,103469,190.7326
103469,44413,190.7326
44413,103469,190.7326
103469,64392,190.7326
64392,103469,190.7326
113843,44413,190.7326
44413,113843,190.7326
113843,64392,190.7326
64392,113843,190.7326
44413,64392,190.7326
64392,44413,190.7326
85420,60926,228.6125
60926,85420,228.6125
85420,8403,228.6125
8403,85420,228.6125
60926,8403,228.6125
8403,60926,228.6125
96533,67945,107.2500
67945,96533,107.2500
96533,95334,107.2500
95334,96533,107.2500
96533,100197,107.2500
100197,96533,107.2500
96533,32106,107.2500
32106,96533,107.2500
67945,95334,107.2500
95334,67945,107.2500
67945,100197,107.2500
100197,67945,107.2500
67945,32106,107.2500
32106,67945,107.2500
95334,100197,107.2500
100197,95334,107.2500
95334,32106,107.2500
32106,95334,107.2500
100197,32106,107.2500
32106,100197,107.2500
75145,100869,19.1969
100869,75145,19.1969
75145,26654,19.1969
26654,75145,19.1969
75145,25461,19.1969
25461,75145,19.1969
100869,26654,19.1969
26654,100869,19.1969
100869,25461,19.1969
25461,100869,19.1969
26654,25461,19.1969
25461,26654,19.1969
92976,100182,99.1305
100182,92976,99.1305
92976,117119,99.1305
117119,92976,99.1305
92976,102780,99.1305
102780,92976,99.1305
92976,120297,99.1305
120297,92976,99.1305
100182,117119,99.1305
117119,100182,99.1305
100182,102780,99.1305
102780,100182,99.1305
100182,120297,99.1305
120297,100182,99.1305
117119,102780,99.1305
102780,117119,99.1305
117119,120297,99.1305
120297,117119,99.1305
102780,120297,99.1305
120297,102780,99.1305
106324,41669,116.3177
41669,106324,116.3177
106324,45103,116.3177
45103,106324,116.3177
106324,95027,116.3177
95027,106324,116.3177
41669,45103,116.3177
45103,41669,116.3177
41669,95027,116.3177
95027,41669,116.3177
45103,95027,116.3177
95027,45103,116.3177
117960,91741,172.6756
91741,117960,172.6756
117960,8271,172.6756
8271,117960,172.6756
117960,103228,172.6756
103228,117960,172.6756
91741,8271,172.6756
8271,91741,172.6756
91741,103228,172.6756
103228,91741,172.6756
8271,103228,172.6756
103228,8271,172.6756
107970,113389,117.5234
113389,107970,117.5234
107970,64716,117.5234
64716,107970,117.5234
107970,61084,117.5234
61084,107970,117.5234
113389,64716,117.5234
64716,113389,117.5234
113389,61084,117.5234
61084,113389,117.5234
64716,61084,117.5234
61084,64716,117.5234
34147,42889,114.8013
42889,34147,114.8013
34147,121013,114.8013
121013,34147,114.8013
42889,121013,114.8013
121013,42889,114.8013
107259,108446,149.8255
108446,107259,149.8255
107259,24847,149.8255
24847,107259,149.8255
107259,54479,149.8255
54479,107259,149.8255
108446,24847,149.8255
24847,108446,149.8255
108446,54479,149.8255
54479,108446,149.8255
24847,54479,149.8255
54479,24847,149.8255
58814,20951,119.2516
20951,58814,119.2516
58814,110758,119.2516
110758,58814,119.2516
20951,110758,119.2516
110758,20951,119.2516
64365,70520,222.4096
70520,64365,222.4096
64365,55045,222.4096
55045,64365,222.4096
64365,19308,222.4096
19308,64365,222.4096
70520,55045,222.4096
55045,70520,222.4096
70520,19308,222.4096
19308,70520,222.4096
55045,19308,222.4096
19308,55045,222.4096
57214,6661,86.0799
6661,57214,86.0799
57214,3630,86.0799
3630,57214,86.0799
57214,107230,86.0799
107230,57214,86.0799
57214,91086,86.0799
91086,57214,86.0799
6661,3630,86.0799
3630,6661,86.0799
6661,107230,86.0799
107230,6661,86.0799
6661,91086,86.0799
91086,6661,86.0799
3630,107230,86.0799
107230,3630,86.0799
3630,91086,86.0799
91086,3630,86.0799
107230,91086,86.0799
91086,107230,86.0799
59854,93120,168.3317
93120,59854,168.3317
59854,11537,168.3317
11537,59854,168.3317
93120,11537,168.3317
11537,93120,168.3317
11069,72680,191.5655
72680,11069,191.5655
11069,104796,191.5655
104796,11069,191.5655
72680,104796,191.5655
104796,72680,191.5655
110665,69799,115.5729
69799,110665,115.5729
110665,100731,115.5729
100731,110665,115.5729
69799,100731,115.5729
100731,69799,115.5729
57243,36425,111.1344
36425,57243,111.1344
57243,45138,111.1344
45138,57243,111.1344
36425,45138,111.1344
45138,36425,111.1344
79907,25303,154.4787
25303,79907,154.4787
79907,117486,154.4787
117486,79907,154.4787
79907,57921,154.4787
57921,79907,154.4787
25303,117486,154.4787
117486,25303,154.4787
25303,57921,154.4787
57921,25303,154.4787
117486,57921,154.4787
57921,117486,154.4787
97928,103511,125.5350
103511,97928,125.5350
97928,25789,125.5350
25789,97928,125.5350
97928,74462,125.5350
74462,97928,125.5350
97928,12955,125.5350
12955,97928,125.5350
103511,25789,125.5350
25789,103511,125.5350
103511,74462,125.5350
74462,103511,125.5350
103511,12955,125.5350
12955,103511,125.5350
25789,74462,125.5350
74462,25789,125.5350
25789,12955,125.5350
12955,25789,125.5350
74462,12955,125.5350
12955,74462,125.5350
47483,18263,227.5198
18263,47483,227.5198
47483,110395,227.5198
110395,47483,227.5198
18263,110395,227.5198
110395,18263,227.5198
42950,913,72.8522
913,42950,72.8522
42950,6407,72.8522
6407,42950,72.8522
913,6407,72.8522
6407,913,72.8522
14332,11802,176.2323
11802,14332,176.2323
14332,4337,176.2323
4337,14332,176.2323
11802,4337,176.2323
4337,11802,176.2323
5977,101828,142.3543
101828,5977,142.3543
5977,60083,142.3543
60083,5977,142.3543
5977,46226,142.3543
46226,5977,142.3543
101828,60083,142.3543
60083,101828,142.3543
101828,46226,142.3543
46226,101828,142.3543
60083,46226,142.3543
46226,60083,142.3543
107180,62244,108.1877
62244,107180,108.1877
107180,38669,108.1877
38669,107180,108.1877
107180,116909,108.1877
116909,107180,108.1877
62244,38669,108.1877
38669,62244,108.1877
62244,116909,108.1877
116909,62244,108.1877
38669,116909,108.1877
116909,38669,108.1877
18172,63764,109.0761
63764,18172,109.0761
18172,100950,109.0761
100950,18172,109.0761
18172,71170,109.0761
71170,18172,109.0761
18172,38790,109.0761
38790,18172,109.0761
63764,100950,109.0761
100950,63764,109.0761
63764,71170,109.0761
71170,63764,109.0761
63764,38790,109.0761
38790,63764,109.0761
100950,71170,109.0761
71170,100950,109.0761
100950,38790,109.0761
38790,100950,109.0761
71170,38790,109.0761
38790,71170,109.0761
15300,13987,104.2333
13987,15300,104.2333
15300,55786,104.2333
55786,15300,104.2333
15300,87144,104.2333
87144,15300,104.2333
15300,14373,104.2333
14373,15300,104.2333
13987,55786,104.2333
55786,13987,104.2333
13987,87144,104.2333
87144,13987,104.2333
13987,14373,104.2333
14373,13987,104.2333
55786,87144,104.2333
87144,55786,104.2333
55786,14373,104.2333
14373,55786,104.2333
87144,14373,104.2333
14373,87144,104.2333
22260,29738,208.1304
29738,22260,208.1304
22260,27728,208.1304
27728,22260,208.1304
29738,27728,208.1304
27728,29738,208.1304
41821,46289,150.0199
46289,41821,150.0199
41821,83767,150.0199
83767,41821,150.0199
41821,44345,150.0199
44345,41821,150.0199
41821,5950,150.0199
5950,41821,150.0199
46289,83767,150.0199
83767,46289,150.0199
46289,44345,150.0199
44345,46289,150.0199
46289,5950,150.0199
5950,46289,150.0199
83767,44345,150.0199
44345,83767,150.0199
83767,5950,150.0199
5950,83767,150.0199
44345,5950,150.0199
5950,44345,150.0199
66490,99961,177.5585
99961,66490,177.5585
66490,51459,177.5585
51459,66490,177.5585
99961,51459,177.5585
51459,99961,177.5585
86835,119835,123.8602
119835,86835,123.8602
86835,107595,123.8602
107595,86835,123.8602
86835,119086,123.8602
119086,86835,123.8602
119835,107595,123.8602
107595,119835,123.8602
119835,119086,123.8602
119086,119835,123.8602
107595,119086,123.8602
119086,107595,123.8602
103683,59555,86.3641
59555,103683,86.3641
103683,102255,86.3641
102255,103683,86.3641
103683,99627,86.3641
99627,103683,86.3641
103683,99707,86.3641
99707,103683,86.3641
59555,102255,86.3641
102255,59555,86.3641
59555,99627,86.3641
99627,59555,86.3641
59555,99707,86.3641
99707,59555,86.3641
102255,99627,86.3641
99627,102255,86.3641
102255,99707,86.3641
99707,102255,86.3641
99627,99707,86.3641
99707,99627,86.3641
102845,3936,24.5662
3936,102845,24.5662
102845,99661,24.5662
99661,102845,24.5662
102845,80558,24.5662
80558,102845,24.5662
3936,99661,24.5662
99661,3936,24.5662
3936,80558,24.5662
80558,3936,24.5662
99661,80558,24.5662
80558,99661,24.5662
7462,27628,101.8666
27628,7462,101.8666
7462,103968,101.8666
103968,7462,101.8666
7462,5774,101.8666
5774,7462,101.8666
27628,103968,101.8666
103968,27628,101.8666
27628,5774,101.8666
5774,27628,101.8666
103968,5774,101.8666
5774,103968,101.8666
68717,117443,118.0564
117443,68717,118.0564
68717,75555,118.0564
75555,68717,118.0564
68717,71579,118.0564
71579,68717,118.0564
68717,8430,118.0564
8430,68717,118.0564
117443,75555,118.0564
75555,117443,118.0564
117443,71579,118.0564
71579,117443,118.0564
117443,8430,118.0564
8430,117443,118.0564
75555,71579,118.0564
71579,75555,118.0564
75555,8430,118.0564
8430,75555,118.0564
71579,8430,118.0564
8430,71579,118.0564
12190,2554,124.0189
2554,12190,124.0189
12190,60458,124.0189
60458,12190,124.0189
12190,47452,124.0189
47452,12190,124.0189
2554,60458,124.0189
60458,2554,124.0189
2554,47452,124.0189
47452,2554,124.0189
60458,47452,124.0189
47452,60458,124.0189
107459,101643,141.1200
101643,107459,141.1200
107459,43759,141.1200
43759,107459,141.1200
107459,50833,141.1200
50833,107459,141.1200
101643,43759,141.1200
43759,101643,141.1200
101643,50833,141.1200
50833,101643,141.1200
43759,50833,141.1200
50833,43759,141.1200
102896,20896,66.9827
20896,102896,66.9827
102896,62219,66.9827
62219,102896,66.9827
20896,62219,66.9827
62219,20896,66.9827
110717,51458,83.5408
51458,110717,83.5408
110717,31404,83.5408
31404,110717,83.5408
51458,31404,83.5408
31404,51458,83.5408
57257,84399,116.5692
84399,57257,116.5692
57257,98444,116.5692
98444,57257,116.5692
57257,101282,116.5692
101282,57257,116.5692
84399,98444,116.5692
98444,84399,116.5692
84399,101282,116.5692
101282,84399,116.5692
98444,101282,116.5692
101282,98444,116.5692
118704,92512,114.4081
92512,118704,114.4081
118704,14756,114.4081
14756,118704,114.4081
118704,30189,114.4081
30189,118704,114.4081
92512,14756,114.4081
14756,92512,114.4081
92512,30189,114.4081
30189,92512,114.4081
14756,30189,114.4081
30189,14756,114.4081
52412,117126,80.5048
117126,52412,80.5048
52412,50054,80.5048
50054,52412,80.5048
52412,101194,80.5048
101194,52412,80.5048
52412,104028,80.5048
104028,52412,80.5048
117126,50054,80.5048
50054,117126,80.5048
117126,101194,80.5048
101194,117126,80.5048
117126,104028,80.5048
104028,117126,80.5048
50054,101194,80.5048
101194,50054,80.5048
50054,104028,80.5048
104028,50054,80.5048
101194,104028,80.5048
104028,101194,80.5048
15555,58570,242.6371
58570,15555,242.6371
15555,42195,242.6371
42195,15555,242.6371
15555,112282,242.6371
112282,15555,242.6371
15555,104434,242.6371
104434,15555,242.6371
58570,42195,242.6371
42195,58570,242.6371
58570,112282,242.6371
112282,58570,242.6371
58570,104434,242.6371
104434,58570,242.6371
42195,112282,242.6371
112282,42195,242.6371
42195,104434,242.6371
104434,42195,242.6371
112282,104434,242.6371
104434,112282,242.6371
99844,64118,153.6346
64118,99844,153.6346
99844,97392,153.6346
97392,99844,153.6346
99844,103680,153.6346
103680,99844,153.6346
99844,82503,153.6346
82503,99844,153.6346
64118,97392,153.6346
97392,64118,153.6346
64118,103680,153.6346
103680,64118,153.6346
64118,82503,153.6346
82503,64118,153.6346
97392,103680,153.6346
103680,97392,153.6346
97392,82503,153.6346
82503,97392,153.6346
103680,82503,153.6346
82503,103680,153.6346
21913,30043,33.5776
30043,21913,33.5776
21913,92076,33.5776
92076,21913,33.5776
21913,6185,33.5776
6185,21913,33.5776
30043,92076,33.5776
92076,30043,33.5776
30043,6185,33.5776
6185,30043,33.5776
92076,6185,33.5776
6185,92076,33.5776
1548,23187,36.3770
23187,1548,36.3770
1548,99574,36.3770
99574,1548,36.3770
1548,31038,36.3770
31038,1548,36.3770
23187,99574,36.3770
99574,23187,36.3770
23187,31038,36.3770
31038,23187,36.3770
99574,31038,36.3770
31038,99574,36.3770
26127,88991,103.5613
88991,26127,103.5613
26127,65266,103.5613
65266,26127,103.5613
26127,34040,103.5613
34040,26127,103.5613
88991,65266,103.5613
65266,88991,103.5613
88991,34040,103.5613
34040,88991,103.5613
65266,34040,103.5613
34040,65266,103.5613
41512,63750,109.7588
63750,41512,109.7588
41512,36852,109.7588
36852,41512,109.7588
63750,36852,109.7588
36852,63750,109.7588
105726,40481,44.8680
40481,105726,44.8680
105726,8742,44.8680
8742,105726,44.8680
105726,86846,44.8680
86846,105726,44.8680
40481,8742,44.8680
8742,40481,44.8680
40481,86846,44.8680
86846,40481,44.8680
8742,86846,44.8680
86846,8742,44.8680
76811,71714,104.8652
71714,76811,104.8652
76811,13910,104.8652
13910,76811,104.8652
71714,13910,104.8652
13910,71714,104.8652
68212,80031,206.8002
80031,68212,206.8002
68212,62125,206.8002
62125,68212,206.8002
68212,115450,206.8002
115450,68212,206.8002
68212,55371,206.8002
55371,68212,206.8002
80031,62125,206.8002
62125,80031,206.8002
80031,115450,206.8002
115450,80031,206.8002
80031,55371,206.8002
55371,80031,206.8002
62125,115450,206.8002
115450,62125,206.8002
62125,55371,206.8002
55371,62125,206.8002
115450,55371,206.8002
55371,115450,206.8002
118982,23,199.4273
23,118982,199.4273
118982,52484,199.4273
52484,118982,199.4273
118982,73573,199.4273
73573,118982,199.4273
118982,46170,199.4273
46170,118982,199.4273
23,52484,199.4273
52484,23,199.4273
23,73573,199.4273
73573,23,199.4273
23,46170,199.4273
46170,23,199.4273
52484,73573,199.4273
73573,52484,199.4273
52484,46170,199.4273
46170,52484,199.4273
73573,46170,199.4273
46170,73573,199.4273
53649,44496,127.9632
44496,53649,127.9632
53649,46324,127.9632
46324,53649,127.9632
53649,85308,127.9632
85308,53649,127.9632
44496,46324,127.9632
46324,44496,127.9632
44496,85308,127.9632
85308,44496,127.9632
46324,85308,127.9632
85308,46324,127.9632
22109,95078,124.7203
95078,22109,124.7203
22109,89702,124.7203
89702,22109,124.7203
22109,65313,124.7203
65313,22109,124.7203
22109,116982,124.7203
116982,22109,124.7203
95078,89702,124.7203
89702,95078,124.7203
95078,65313,124.7203
65313,95078,124.7203
95078,116982,124.7203
116982,95078,124.7203
89702,65313,124.7203
65313,89702,124.7203
89702,116982,124.7203
116982,89702,124.7203
65313,116982,124.7203
116982,65313,124.7203
61907,84717,176.9823
84717,61907,176.9823
61907,73622,176.9823
73622,61907,176.9823
61907,12145,176.9823
12145,61907,176.9823
84717,73622,176.9823
73622,84717,176.9823
84717,12145,176.9823
12145,84717,176.9823
73622,12145,176.9823
12145,73622,176.9823
103187,98014,142.3755
98014,103187,142.3755
103187,114506,142.3755
114506,103187,142.3755
98014,114506,142.3755
114506,98014,142.3755
84843,12545,110.0132
12545,84843,110.0132
84843,64740,110.0132
64740,84843,110.0132
84843,114905,110.0132
114905,84843,110.0132
12545,64740,110.0132
64740,12545,110.0132
12545,114905,110.0132
114905,12545,110.0132
64740,114905,110.0132
114905,64740,110.0132
10714,85868,144.3161
85868,10714,144.3161
10714,39404,144.3161
39404,10714,144.3161
10714,20591,144.3161
20591,10714,144.3161
85868,39404,144.3161
39404,85868,144.3161
85868,20591,144.3161
20591,85868,144.3161
39404,20591,144.3161
20591,39404,144.3161
11934,78877,70.5545
78877,11934,70.5545
11934,108269,70.5545
108269,11934,70.5545
11934,51022,70.5545
51022,11934,70.5545
78877,108269,70.5545
108269,78877,70.5545
78877,51022,70.5545
51022,78877,70.5545
108269,51022,70.5545
51022,108269,70.5545
118399,95468,103.7377
95468,118399,103.7377
118399,59897,103.7377
59897,118399,103.7377
118399,112869,103.7377
112869,118399,103.7377
118399,58777,103.7377
58777,118399,103.7377
95468,59897,103.7377
59897,95468,103.7377
95468,112869,103.7377
112869,95468,103.7377
95468,58777,103.7377
58777,95468,103.7377
59897,112869,103.7377
112869,59897,103.7377
59897,58777,103.7377
58777,59897,103.7377
112869,58777,103.7377
58777,112869,103.7377
43477,63416,66.6697
63416,43477,66.6697
43477,78229,66.6697
78229,43477,66.6697
63416,78229,66.6697
78229,63416,66.6697
56322,8991,83.8841
8991,56322,83.8841
56322,74223,83.8841
74223,56322,83.8841
56322,95806,83.8841
95806,56322,83.8841
8991,74223,83.8841
74223,8991,83.8841
8991,95806,83.8841
95806,8991,83.8841
74223,95806,83.8841
95806,74223,83.8841
23549,111382,181.4725
111382,23549,181.4725
23549,68698,181.4725
68698,23549,181.4725
111382,68698,181.4725
68698,111382,181.4725
113089,51434,110.0633
51434,113089,110.0633
113089,90410,110.0633
90410,113089,110.0633
113089,92324,110.0633
92324,113089,110.0633
113089,116792,110.0633
116792,113089,110.0633
51434,90410,110.0633
90410,51434,110.0633
51434,92324,110.0633
92324,51434,110.0633
51434,116792,110.0633
116792,51434,110.0633
90410,92324,110.0633
92324,90410,110.0633
90410,116792,110.0633
116792,90410,110.0633
92324,116792,110.0633
116792,92324,110.0633
117771,98457,153.1098
98457,117771,153.1098
117771,75081,153.1098
75081,117771,153.1098
117771,120993,153.1098
120993,117771,153.1098
98457,75081,153.1098
75081,98457,153.1098
98457,120993,153.1098
120993,98457,153.1098
75081,120993,153.1098
120993,75081,153.1098
68250,64104,117.3987
64104,68250,117.3987
68250,111243,117.3987
111243,68250,117.3987
64104,111243,117.3987
111243,64104,117.3987
101321,9331,84.1416
9331,101321,84.1416
101321,54870,84.1416
54870,101321,84.1416
101321,63736,84.1416
63736,101321,84.1416
101321,10580,84.1416
10580,101321,84.1416
9331,54870,84.1416
54870,9331,84.1416
9331,63736,84.1416
63736,9331,84.1416
9331,10580,84.1416
10580,9331,84.1416
54870,63736,84.1416
63736,54870,84.1416
54870,10580,84.1416
10580,54870,84.1416
63736,10580,84.1416
10580,63736,84.1416
59920,24945,68.5051
24945,59920,68.5051
59920,102172,68.5051
102172,59920,68.5051
59920,112249,68.5051
112249,59920,68.5051
59920,100683,68.5051
100683,59920,68.5051
24945,102172,68.5051
102172,24945,68.5051
24945,112249,68.5051
112249,24945,68.5051
24945,100683,68.5051
100683,24945,68.5051
102172,112249,68.5051
112249,102172,68.5051
102172,100683,68.5051
100683,102172,68.5051
112249,100683,68.5051
100683,112249,68.5051
5746,99698,105.2753
99698,5746,105.2753
5746,117598,105.2753
117598,5746,105.2753
5746,44615,105.2753
44615,5746,105.2753
99698,117598,105.2753
117598,99698,105.2753
99698,44615,105.2753
44615,99698,105.2753
117598,44615,105.2753
44615,117598,105.2753
72837,39878,142.8589
39878,72837,142.8589
72837,69810,142.8589
69810,72837,142.8589
72837,6016,142.8589
6016,72837,142.8589
39878,69810,142.8589
69810,39878,142.8589
39878,6016,142.8589
6016,39878,142.8589
69810,6016,142.8589
6016,69810,142.8589
27831,49501,98.6004
49501,27831,98.6004
27831,15645,98.6004
15645,27831,98.6004
27831,91344,98.6004
91344,27831,98.6004
27831,104145,98.6004
104145,27831,98.6004
49501,15645,98.6004
15645,49501,98.6004
49501,91344,98.6004
91344,49501,98.6004
49501,104145,98.6004
104145,49501,98.6004
15645,91344,98.6004
91344,15645,98.6004
15645,104145,98.6004
104145,15645,98.6004
91344,104145,98.6004
104145,91344,98.6004
81760,118433,126.5317
118433,81760,126.5317
81760,1615,126.5317
1615,81760,126.5317
81760,88781,126.5317
88781,81760,126.5317
81760,60696,126.5317
60696,81760,126.5317
118433,1615,126.5317
1615,118433,126.5317
118433,88781,126.5317
88781,118433,126.5317
118433,60696,126.5317
60696,118433,126.5317
1615,88781,126.5317
88781,1615,126.5317
1615,60696,126.5317
60696,1615,126.5317
88781,60696,126.5317
60696,88781,126.5317
88341,15846,30.3288
15846,88341,30.3288
88341,100726,30.3288
100726,88341,30.3288
15846,100726,30.3288
100726,15846,30.3288
69189,15381,310.7117
15381,69189,310.7117
69189,101567,310.7117
101567,69189,310.7117
69189,70724,310.7117
70724,69189,310.7117
15381,101567,310.7117
101567,15381,310.7117
15381,70724,310.7117
70724,15381,310.7117
101567,70724,310.7117
70724,101567,310.7117
23698,98127,49.9507
98127,23698,49.9507
23698,35884,49.9507
35884,23698,49.9507
23698,1027,49.9507
1027,23698,49.9507
98127,35884,49.9507
35884,98127,49.9507
98127,1027,49.9507
1027,98127,49.9507
35884,1027,49.9507
1027,35884,49.9507
91000,60690,106.4957
60690,91000,106.4957
91000,47952,106.4957
47952,91000,106.4957
91000,7839,106.4957
7839,91000,106.4957
60690,47952,106.4957
47952,60690,106.4957
60690,7839,106.4957
7839,60690,106.4957
47952,7839,106.4957
7839,47952,106.4957
99671,54537,187.1768
54537,99671,187.1768
99671,8860,187.1768
8860,99671,187.1768
54537,8860,187.1768
8860,54537,187.1768
50550,80744,147.5829
80744,50550,147.5829
50550,57607,147.5829
57607,50550,147.5829
50550,106029,147.5829
106029,50550,147.5829
80744,57607,147.5829
57607,80744,147.5829
80744,106029,147.5829
106029,80744,147.5829
57607,106029,147.5829
106029,57607,147.5829
110100,119202,156.5819
119202,110100,156.5819
110100,51988,156.5819
51988,110100,156.5819
110100,12222,156.5819
12222,110100,156.5819
119202,51988,156.5819
51988,119202,156.5819
119202,12222,156.5819
12222,119202,156.5819
51988,12222,156.5819
12222,51988,156.5819
25733,87108,66.5272
87108,25733,66.5272
25733,72529,66.5272
72529,25733,66.5272
87108,72529,66.5272
72529,87108,66.5272
119185,59909,58.7875
59909,119185,58.7875
119185,53780,58.7875
53780,119185,58.7875
59909,53780,58.7875
53780,59909,58.7875
71083,9332,125.5168
9332,71083,125.5168
71083,111723,125.5168
111723,71083,125.5168
9332,111723,125.5168
111723,9332,125.5168
66488,58998,257.9929
58998,66488,257.9929
66488,89877,257.9929
89877,66488,257.9929
58998,89877,257.9929
89877,58998,257.9929
99726,102376,20.8398
102376,99726,20.8398
99726,107030,20.8398
107030,99726,20.8398
99726,104747,20.8398
104747,99726,20.8398
99726,87545,20.8398
87545,99726,20.8398
102376,107030,20.8398
107030,102376,20.8398
102376,104747,20.8398
104747,102376,20.8398
102376,87545,20.8398
87545,102376,20.8398
107030,104747,20.8398
104747,107030,20.8398
107030,87545,20.8398
87545,107030,20.8398
104747,87545,20.8398
87545,104747,20.8398
1477,120666,147.8201
120666,1477,147.8201
1477,70041,147.8201
70041,1477,147.8201
1477,63728,147.8201
63728,1477,147.8201
120666,70041,147.8201
70041,120666,147.8201
120666,63728,147.8201
63728,120666,147.8201
70041,63728,147.8201
63728,70041,147.8201
89133,77453,113.7955
77453,89133,113.7955
89133,116633,113.7955
116633,89133,113.7955
89133,103750,113.7955
103750,89133,113.7955
77453,116633,113.7955
116633,77453,113.7955
77453,103750,113.7955
103750,77453,113.7955
116633,103750,113.7955
103750,116633,113.7955
102246,101357,35.0726
101357,102246,35.0726
102246,5451,35.0726
5451,102246,35.0726
102246,94430,35.0726
94430,102246,35.0726
101357,5451,35.0726
5451,101357,35.0726
101357,94430,35.0726
94430,101357,35.0726
5451,94430,35.0726
94430,5451,35.0726
1012,58283,102.3223
58283,1012,102.3223
1012,87084,102.3223
87084,1012,102.3223
1012,100673,102.3223
100673,1012,102.3223
1012,18272,102.3223
18272,1012,102.3223
58283,87084,102.3223
87084,58283,102.3223
58283,100673,102.3223
100673,58283,102.3223
58283,18272,102.3223
18272,58283,102.3223
87084,100673,102.3223
100673,87084,102.3223
87084,18272,102.3223
18272,87084,102.3223
100673,18272,102.3223
18272,100673,102.3223
113235,50205,99.4431
50205,113235,99.4431
113235,116933,99.4431
116933,113235,99.4431
50205,116933,99.4431
116933,50205,99.4431
62464,47379,198.4023
47379,62464,198.4023
62464,90971,198.4023
90971,62464,198.4023
62464,75578,198.4023
75578,62464,198.4023
47379,90971,198.4023
90971,47379,198.4023
47379,75578,198.4023
75578,47379,198.4023
90971,75578,198.4023
75578,90971,198.4023
74177,90533,159.4569
90533,74177,159.4569
74177,84425,159.4569
84425,74177,159.4569
74177,60444,159.4569
60444,74177,159.4569
90533,84425,159.4569
84425,90533,159.4569
90533,60444,159.4569
60444,90533,159.4569
84425,60444,159.4569
60444,84425,159.4569
86962,95330,87.4359
95330,86962,87.4359
86962,50081,87.4359
50081,86962,87.4359
95330,50081,87.4359
50081,95330,87.4359
118128,69158,53.1493
69158,118128,53.1493
118128,114152,53.1493
114152,118128,53.1493
118128,26388,53.1493
26388,118128,53.1493
69158,114152,53.1493
114152,69158,53.1493
69158,26388,53.1493
26388,69158,53.1493
114152,26388,53.1493
26388,114152,53.1493
56734,95565,64.4393
95565,56734,64.4393
56734,17698,64.4393
17698,56734,64.4393
56734,47324,64.4393
47324,56734,64.4393
56734,2271,64.4393
2271,56734,64.4393
95565,17698,64.4393
17698,95565,64.4393
95565,47324,64.4393
47324,95565,64.4393
95565,2271,64.4393
2271,95565,64.4393
17698,47324,64.4393
47324,17698,64.4393
17698,2271,64.4393
2271,17698,64.4393
47324,2271,64.4393
2271,47324,64.4393
116097,14830,154.6995
14830,116097,154.6995
116097,51426,154.6995
51426,116097,154.6995
116097,112683,154.6995
112683,116097,154.6995
14830,51426,154.6995
51426,14830,154.6995
14830,112683,154.6995
112683,14830,154.6995
51426,112683,154.6995
112683,51426,154.6995
62839,1980,81.5750
1980,62839,81.5750
62839,37838,81.5750
37838,62839,81.5750
62839,99620,81.5750
99620,62839,81.5750
62839,82157,81.5750
82157,62839,81.5750
1980,37838,81.5750
37838,1980,81.5750
1980,99620,81.5750
99620,1980,81.5750
1980,82157,81.5750
82157,1980,81.5750
37838,99620,81.5750
99620,37838,81.5750
37838,82157,81.5750
82157,37838,81.5750
99620,82157,81.5750
82157,99620,81.5750
79785,100124,276.7599
100124,79785,276.7599
79785,113057,276.7599
113057,79785,276.7599
79785,30086,276.7599
30086,79785,276.7599
79785,99717,276.7599
99717,79785,276.7599
100124,113057,276.7599
113057,100124,276.7599
100124,30086,276.7599
30086,100124,276.7599
100124,99717,276.7599
99717,100124,276.7599
113057,30086,276.7599
30086,113057,276.7599
113057,99717,276.7599
99717,113057,276.7599
30086,99717,276.7599
99717,30086,276.7599
17865,42225,108.0290
42225,17865,108.0290
17865,71571,108.0290
71571,17865,108.0290
42225,71571,108.0290
71571,42225,108.0290
100798,23346,134.0026
23346,100798,134.0026
100798,73142,134.0026
73142,100798,134.0026
23346,73142,134.0026
73142,23346,134.0026
52535,24538,40.2909
24538,52535,40.2909
52535,90554,40.2909
90554,52535,40.2909
24538,90554,40.2909
90554,24538,40.2909
11618,99644,88.4864
99644,11618,88.4864
11618,29107,88.4864
29107,11618,88.4864
11618,23539,88.4864
23539,11618,88.4864
11618,52693,88.4864
52693,11618,88.4864
99644,29107,88.4864
29107,99644,88.4864
99644,23539,88.4864
23539,99644,88.4864
99644,52693,88.4864
52693,99644,88.4864
29107,23539,88.4864
23539,29107,88.4864
29107,52693,88.4864
52693,29107,88.4864
23539,52693,88.4864
52693,23539,88.4864
10081,120058,56.4283
120058,10081,56.4283
87336,94430,65.8013
94430,87336,65.8013
82886,101709,66.8851
101709,82886,66.8851
103680,38132,59.6501
38132,103680,59.6501
115173,58952,64.3140
58952,115173,64.3140
65290,16717,70.1396
16717,65290,70.1396
80511,23832,71.5395
23832,80511,71.5395
111626,89137,71.5301
89137,111626,71.5301
72622,102253,63.7106
102253,72622,63.7106
59483,99671,52.8741
99671,59483,52.8741
68642,46538,64.3353
46538,68642,64.3353
103473,8414,73.7261
8414,103473,73.7261
110101,108378,64.6201
108378,110101,64.6201
47435,49852,70.2328
49852,47435,70.2328
36639,99651,56.2023
99651,36639,56.2023
66105,86552,58.9412
86552,66105,58.9412
73311,94111,59.8428
94111,73311,59.8428
83170,109049,57.4975
109049,83170,57.4975
3355,28550,75.2334
28550,3355,75.2334
66523,104705,72.5702
104705,66523,72.5702
60503,119250,69.2908
119250,60503,69.2908
65511,16230,55.0178
16230,65511,55.0178
59778,90843,67.3316
90843,59778,67.3316
116907,100591,62.0533
100591,116907,62.0533
112578,53286,54.2771
53286,112578,54.2771
85124,101064,73.2770
101064,85124,73.2770
68536,8272,59.6040
8272,68536,59.6040
95649,24413,78.4839
24413,95649,78.4839
57268,36523,78.6162
36523,57268,78.6162
71158,99702,59.4460
99702,71158,59.4460
64981,8414,77.1760
8414,64981,77.1760
111297,109852,58.9794
109852,111297,58.9794
47806,27998,64.8925
27998,47806,64.8925
84485,4435,78.5264
4435,84485,78.5264
53940,75687,74.4377
75687,53940,74.4377
65290,101066,68.8421
101066,65290,68.8421
55593,81760,57.0766
81760,55593,57.0766
57305,90474,73.7970
90474,57305,73.7970
54595,102769,78.2087
102769,54595,78.2087
948,100673,67.0554
100673,948,67.0554
56846,63850,73.1148
63850,56846,73.1148
23749,9599,76.1969
9599,23749,76.1969
53890,51667,57.1631
51667,53890,57.1631
66796,81387,64.4218
81387,66796,64.4218
75642,119330,70.9258
119330,75642,70.9258
115470,90468,76.5498
90468,115470,76.5498
57280,47229,63.0775
47229,57280,63.0775
62665,24215,68.6722
24215,62665,68.6722
116491,32172,69.0379
32172,116491,69.0379
14461,31404,59.7909
31404,14461,59.7909
73221,63098,60.8639
63098,73221,60.8639
65278,41137,75.7409
41137,65278,75.7409
30086,10891,64.7432
10891,30086,64.7432
90110,96001,61.8772
96001,90110,61.8772
71921,35444,70.8110
35444,71921,70.8110
12219,5960,52.9578
5960,12219,52.9578
28986,85823,58.3774
85823,28986,58.3774
59475,114141,71.7236
114141,59475,71.7236
69828,62433,68.7828
62433,69828,68.7828
66485,56644,62.9762
56644,66485,62.9762
55563,95806,67.7420
95806,55563,67.7420
91834,61853,63.0530
61853,91834,63.0530
59536,44570,62.7969
44570,59536,62.7969
53374,102251,58.8234
102251,53374,58.8234
80008,30632,67.4853
30632,80008,67.4853
64118,120650,66.5302
120650,64118,66.5302
6660,4480,78.0008
4480,6660,78.0008
67203,3771,70.4728
3771,67203,70.4728
29325,68965,74.5417
68965,29325,74.5417
107279,83016,75.6391
83016,107279,75.6391
80192,84388,62.1184
84388,80192,62.1184
13987,55375,77.0893
55375,13987,77.0893
12222,119897,63.6459
119897,12222,63.6459
95649,27758,69.3429
27758,95649,69.3429
69677,3320,66.6220
3320,69677,66.6220
14288,41212,70.3105
41212,14288,70.3105
29059,30106,63.2744
30106,29059,63.2744
76364,90616,66.6596
90616,76364,66.6596
65058,80005,78.6173
80005,65058,78.6173
100185,120153,54.8015
120153,100185,54.8015
63413,63224,68.7476
63224,63413,68.7476
14393,116734,58.8571
116734,14393,58.8571
69876,91086,63.6124
91086,69876,63.6124
55593,117468,56.8127
117468,55593,56.8127
69342,86255,57.8706
86255,69342,57.8706
89702,60131,62.0705
60131,89702,62.0705
32315,5675,72.5934
5675,32315,72.5934
103808,85167,65.3411
85167,103808,65.3411
103751,119223,61.5740
119223,103751,61.5740
89695,35824,60.3658
35824,89695,60.3658
59206,100840,72.5604
100840,59206,72.5604
48405,100952,74.3794
100952,48405,74.3794
45123,110431,60.7212
110431,45123,60.7212
104055,119656,70.6125
119656,104055,70.6125
73757,37380,67.0643
37380,73757,67.0643
52063,97549,54.2523
97549,52063,54.2523
57584,5035,71.0711
5035,57584,71.0711
69151,45164,66.6612
45164,69151,66.6612
118969,19629,56.3389
19629,118969,56.3389
16598,83588,61.5661
83588,16598,61.5661
106271,78710,70.9046
78710,106271,70.9046
103723,99636,76.8977
99636,103723,76.8977
47451,41070,73.8116
41070,47451,73.8116
5703,99719,73.4994
99719,5703,73.4994
87576,92293,61.7873
92293,87576,61.7873
78033,101151,60.5161
101151,78033,60.5161
103924,99825,65.2665
99825,103924,65.2665
57954,23920,73.3776
23920,57954,73.3776
63946,70563,70.2961
70563,63946,70.2961
47474,23405,63.3856
23405,47474,63.3856
71323,89137,69.7726
89137,71323,69.7726
101485,70720,54.6402
70720,101485,54.6402
103792,53951,61.2187
53951,103792,61.2187
115620,86784,52.7786
86784,115620,52.7786
70699,21913,68.4643
21913,70699,68.4643
104055,26849,61.6198
26849,104055,61.6198
67047,24506,73.5107
24506,67047,73.5107
54857,86279,73.0011
86279,54857,73.0011
51680,8271,57.4568
8271,51680,57.4568
57340,100452,55.9759
100452,57340,55.9759
84463,53946,72.5185
53946,84463,72.5185
89366,107114,55.1070
107114,89366,55.1070
45786,32172,69.3733
32172,45786,69.3733
47009,99574,58.1031
99574,47009,58.1031
72982,73057,72.9343
73057,72982,72.9343
53485,100733,56.8953
100733,53485,56.8953
64303,42057,64.0635
42057,64303,64.0635
65066,43904,64.6288
43904,65066,64.6288
101807,99651,55.3445
99651,101807,55.3445
53912,46135,63.1483
46135,53912,63.1483
45103,53896,67.2098
53896,45103,67.2098
45123,106758,69.8226
106758,45123,69.8226
56052,112124,75.5749
112124,56052,75.5749
114124,97274,76.8487
97274,114124,76.8487
65355,90330,58.4073
90330,65355,58.4073
50108,83071,67.0294
83071,50108,67.0294
103811,94267,67.9399
94267,103811,67.9399
71236,95102,64.2829
95102,71236,64.2829
56751,99746,63.7590
99746,56751,63.7590
60557,98126,56.6787
98126,60557,56.6787
60751,42781,73.9346
42781,60751,73.9346
111651,29871,60.5906
29871,111651,60.5906
5211,99863,58.5301
99863,5211,58.5301
90971,36853,67.2122
36853,90971,67.2122
83168,100581,76.1791
100581,83168,76.1791
59893,30654,64.9471
30654,59893,64.9471
112249,25365,63.4280
25365,112249,63.4280
114011,38843,74.3994
38843,114011,74.3994
51433,113172,65.7369
113172,51433,65.7369
76933,94060,78.2927
94060,76933,78.2927
16598,43995,58.8429
43995,16598,58.8429
29746,100839,61.3065
100839,29746,61.3065
6137,28764,61.8350
28764,6137,61.8350
47331,67408,74.2851
67408,47331,74.2851
115626,113862,78.4710
113862,115626,78.4710
12151,36425,57.1316
36425,12151,57.1316
63827,100610,60.4738
100610,63827,60.4738
94543,40187,73.0193
40187,94543,73.0193
68784,3686,59.6722
3686,68784,59.6722
44871,25899,76.2455
25899,44871,76.2455
63407,110992,77.6407
110992,63407,77.6407
71921,86784,63.5817
86784,71921,63.5817
101482,73197,56.6209
73197,101482,56.6209
3288,102311,68.8040
102311,3288,68.8040
89595,89925,75.3236
89925,89595,75.3236
54595,111262,69.8948
111262,54595,69.8948
116519,83518,54.1248
83518,116519,54.1248
65511,11812,63.9051
11812,65511,63.9051
82911,16322,62.7998
16322,82911,62.7998
100077,103682,77.1305
103682,100077,77.1305
55778,99694,64.7208
99694,55778,64.7208
48405,22347,65.0521
22347,48405,65.0521
114625,112713,67.1126
112713,114625,67.1126
67274,15846,75.2583
15846,67274,75.2583
12782,71183,72.3679
71183,12782,72.3679
76355,96675,75.1896
96675,76355,75.1896
62839,9599,64.7364
9599,62839,64.7364
72518,14588,73.9626
14588,72518,73.9626
46126,57297,75.5985
57297,46126,75.5985
47474,73686,76.7813
73686,47474,76.7813
68377,22139,62.1601
22139,68377,62.1601
59587,117474,68.7926
117474,59587,68.7926
55821,99893,53.6379
99893,55821,53.6379
58273,52475,59.6622
52475,58273,59.6622
29075,94257,74.6645
94257,29075,74.6645
59555,111849,58.1929
111849,59555,58.1929
52484,7851,72.9213
7851,52484,72.9213
71435,100014,66.7586
100014,71435,66.7586
89587,92324,68.0789
92324,89587,68.0789
68233,110498,52.7717
110498,68233,52.7717
3288,31170,77.2918
31170,3288,77.2918
83032,101856,75.6504
101856,83032,75.6504
111434,92036,78.3520
92036,111434,78.3520
115625,100033,56.1231
100033,115625,56.1231
73364,108013,69.3324
108013,73364,69.3324
45778,6596,75.2546
6596,45778,75.2546
92422,120659,73.2265
120659,92422,73.2265
55580,87613,73.7419
87613,55580,73.7419
91652,24152,66.6284
24152,91652,66.6284
63006,87407,55.3792
87407,63006,55.3792
11206,15670,65.8693
15670,11206,65.8693
80017,22602,65.5681
22602,80017,65.5681
29075,53700,75.0540
53700,29075,75.0540
68031,82935,71.9638
82935,68031,71.9638
119426,44570,70.9062
44570,119426,70.9062
54519,83544,78.3174
83544,54519,78.3174
97242,44357,77.4220
44357,97242,77.4220
94569,64773,60.6553
64773,94569,60.6553
72337,17096,54.9841
17096,72337,54.9841
63734,98859,59.9452
98859,63734,59.9452
84463,90620,78.0136
90620,84463,78.0136
14467,91062,53.7845
91062,14467,53.7845
45730,55145,73.0278
55145,45730,73.0278
71328,116979,62.3344
116979,71328,62.3344
90954,120024,71.5257
120024,90954,71.5257
29348,111415,57.5948
111415,29348,57.5948
65290,49932,60.9795
49932,65290,60.9795
13726,45000,63.8524
45000,13726,63.8524
72651,11616,67.0183
11616,72651,67.0183
69828,99850,65.7089
99850,69828,65.7089
72104,47777,76.9300
47777,72104,76.9300
62288,87893,77.7107
87893,62288,77.7107
62279,75578,57.5214
75578,62279,57.5214
4544,105882,66.3753
105882,4544,66.3753
104440,28764,72.1349
28764,104440,72.1349
78514,19480,60.7276
19480,78514,60.7276
63767,111007,57.2443
111007,63767,57.2443
66996,111007,56.6423
111007,66996,56.6423
56067,82247,63.5003
82247,56067,63.5003
65364,16431,61.5861
16431,65364,61.5861
103301,52090,74.5870
52090,103301,74.5870
69705,27416,70.6097
27416,69705,70.6097
73754,92071,62.1475
92071,73754,62.1475
48392,61853,64.3143
61853,48392,64.3143
68536,89877,77.6757
89877,68536,77.6757
60983,113319,76.6869
113319,60983,76.6869
47057,102711,59.5816
102711,47057,59.5816
59812,116015,75.2413
116015,59812,75.2413
63727,87834,52.8083
87834,63727,52.8083
79785,1420,70.1813
1420,79785,70.1813
4544,81608,72.1084
81608,4544,72.1084
97338,94390,70.1533
94390,97338,70.1533
32627,95334,64.2221
95334,32627,64.2221
103810,76425,69.6296
76425,103810,69.6296
66531,42598,60.4475
42598,66531,60.4475
106884,105569,74.4194
105569,106884,74.4194
86133,89395,67.2079
89395,86133,67.2079
57956,28017,72.1981
28017,57956,72.1981
100491,100451,72.4669
100451,100491,72.4669
112578,108801,61.1465
108801,112578,61.1465
114147,103185,54.4371
103185,114147,54.4371
3378,10167,56.7021
10167,3378,56.7021
111723,95586,73.8850
95586,111723,73.8850
103302,26893,70.7425
26893,103302,70.7425
114592,42889,77.0107
42889,114592,77.0107
60751,13806,65.5559
13806,60751,65.5559
14891,42285,74.8035
42285,14891,74.8035
59536,112811,73.3984
112811,59536,73.3984
117487,83016,70.8237
83016,117487,70.8237
56906,90434,77.9391
90434,56906,77.9391
32794,120993,64.0877
120993,32794,64.0877
16356,26893,69.6721
26893,16356,69.6721
56116,11943,53.5217
11943,56116,53.5217
68255,39765,63.3183
39765,68255,63.3183
106221,111578,57.1506
111578,106221,57.1506
94526,102454,77.4830
102454,94526,77.4830
57965,61462,60.8947
61462,57965,60.8947
56751,101049,65.6438
101049,56751,65.6438
57305,9659,69.3492
9659,57305,69.3492
72104,111415,59.0697
111415,72104,59.0697
103229,95850,64.3240
95850,103229,64.3240
45608,28737,65.8356
28737,45608,65.8356
103171,4468,58.4114
4468,103171,58.4114
72583,66153,74.7858
66153,72583,74.7858
117018,94413,71.2545
94413,117018,71.2545
79908,99971,70.9299
99971,79908,70.9299
79655,4553,53.3788
4553,79655,53.3788
54678,86293,65.6034
86293,54678,65.6034
14709,75277,73.4706
75277,14709,73.4706
70146,23117,61.8397
23117,70146,61.8397
118301,90618,74.0728
90618,118301,74.0728
62807,53003,72.6053
53003,62807,72.6053
105256,64347,72.8839
64347,105256,72.8839
79653,59920,55.6844
59920,79653,55.6844
103511,99636,61.7303
99636,103511,61.7303
30602,86804,61.0212
86804,30602,61.0212
64303,6016,58.9711
6016,64303,58.9711
4699,28028,64.3255
28028,4699,64.3255
13987,46839,57.7721
46839,13987,57.7721
62464,75959,54.8521
75959,62464,54.8521
106368,13014,54.5060
13014,106368,54.5060
103473,58869,77.6919
58869,103473,77.6919
89021,79966,55.7548
79966,89021,55.7548
61282,102655,59.6686
102655,61282,59.6686
62666,48024,69.1665
48024,62666,69.1665
60751,9089,55.9887
9089,60751,55.9887
106369,46558,58.5498
46558,106369,58.5498
36702,76431,74.3919
76431,36702,74.3919
54519,97083,68.8801
97083,54519,68.8801
66967,32450,63.4408
32450,66967,63.4408
101568,90894,74.8214
90894,101568,74.8214
63980,68887,76.1358
68887,63980,76.1358
52492,41645,72.8815
41645,52492,72.8815
85419,17479,54.4893
17479,85419,54.4893
14814,108257,58.3378
108257,14814,58.3378
106692,10719,56.0616
10719,106692,56.0616
111434,53796,71.7324
53796,111434,71.7324
103174,118982,55.5174
118982,103174,55.5174
60982,100791,61.8882
100791,60982,61.8882
14891,10856,75.3427
10856,14891,75.3427
79950,111382,65.8796
111382,79950,65.8796
66996,65271,77.7972
65271,66996,77.7972
42890,108478,76.8032
108478,42890,76.8032
105482,112429,64.9080
112429,105482,64.9080
11492,1390,77.7617
1390,11492,77.7617
71236,84425,53.4720
84425,71236,53.4720
29318,43759,78.9508
43759,29318,78.9508
88625,116097,57.5850
116097,88625,57.5850
47009,94208,54.8468
94208,47009,54.8468
98014,16037,61.1412
16037,98014,61.1412
101510,103683,77.7909
103683,101510,77.7909
8660,117474,54.0885
117474,8660,54.0885
114625,100453,65.4527
100453,114625,65.4527
98455,859,77.9060
859,98455,77.9060
39294,56739,67.7921
56739,39294,67.7921
84118,15763,78.2870
15763,84118,78.2870
60664,100888,66.9706
100888,60664,66.9706
63748,807,64.7494
807,63748,64.7494
61953,100894,67.7873
100894,61953,67.7873
93284,70517,67.7978
70517,93284,67.7978
4799,2074,68.4501
2074,4799,68.4501
50108,72499,58.1236
72499,50108,58.1236
79838,114902,55.0574
114902,79838,55.0574
72159,74649,64.3330
74649,72159,64.3330
69203,26743,59.9455
26743,69203,59.9455
95792,24847,59.4267
24847,95792,59.4267
14486,7802,75.9720
7802,14486,75.9720
112268,102996,71.6333
102996,112268,71.6333
52749,23528,53.7511
23528,52749,53.7511
85007,61435,71.2691
61435,85007,71.2691
9409,3446,73.2820
3446,9409,73.2820
116939,119897,59.5257
119897,116939,59.5257
68668,104747,72.0232
104747,68668,72.0232
73440,34150,60.3078
34150,73440,60.3078
103510,55991,67.5616
55991,103510,67.5616
67303,55371,67.1610
55371,67303,67.1610
4081,40615,68.8908
40615,4081,68.8908
36440,90709,73.4905
90709,36440,73.4905
91803,15787,76.6822
15787,91803,76.6822
66802,26110,53.1533
26110,66802,53.1533
69405,100602,78.6152
100602,69405,78.6152
111729,34562,72.0008
34562,111729,72.0008
56540,99773,56.2783
99773,56540,56.2783
84248,117126,75.1183
117126,84248,75.1183
70826,12959,69.1464
12959,70826,69.1464
54858,58295,78.7100
58295,54858,78.7100
30594,8437,68.4811
8437,30594,68.4811
57941,86332,55.9372
86332,57941,55.9372
79787,84843,76.7692
84843,79787,76.7692
72337,108255,68.0242
108255,72337,68.0242
106284,108819,72.5377
108819,106284,72.5377
64196,110823,59.9923
110823,64196,59.9923
44615,34112,59.1981
34112,44615,59.1981
92981,54117,57.8419
54117,92981,57.8419
45629,111026,66.6673
111026,45629,66.6673
63327,81890,55.6645
81890,63327,55.6645
101760,102845,65.7323
102845,101760,65.7323
32794,46296,63.5561
46296,32794,63.5561
47908,61480,77.2887
61480,47908,77.2887
29700,32310,64.0256
32310,29700,64.0256
72163,44412,72.3141
44412,72163,72.3141
59160,108904,59.0819
108904,59160,59.0819
70890,98361,77.7240
98361,70890,77.7240
51961,114061,72.0301
114061,51961,72.0301
56547,44305,65.0616
44305,56547,65.0616
11188,90007,58.7744
90007,11188,58.7744
58576,80744,65.7304
80744,58576,65.7304
41053,80710,56.7879
80710,41053,56.7879
29523,107459,62.1501
107459,29523,62.1501
36925,116979,71.9365
116979,36925,71.9365
57921,99663,69.9132
99663,57921,69.9132
39404,46300,63.7313
46300,39404,63.7313
69494,78212,78.7145
78212,69494,78.7145
43682,120724,69.7474
120724,43682,69.7474
64981,74884,73.3571
74884,64981,73.3571
61249,60061,75.1225
60061,61249,75.1225
60713,11449,57.1878
11449,60713,57.1878
79785,54956,61.6483
54956,79785,61.6483
67964,74543,62.8717
74543,67964,62.8717
59633,110451,68.1222
110451,59633,68.1222
46568,64497,55.9098
64497,46568,55.9098
103305,31106,56.1081
31106,103305,56.1081
63418,9464,63.5619
9464,63418,63.5619
70695,80450,75.5826
80450,70695,75.5826
72706,27098,57.4428
27098,72706,57.4428
94367,24668,59.4406
24668,94367,59.4406
5519,89158,59.2083
89158,5519,59.2083
101837,16306,78.5201
16306,101837,78.5201
72200,19423,58.3924
19423,72200,58.3924
71244,28548,76.9850
28548,71244,76.9850
66485,113649,56.4447
113649,66485,56.4447
66973,94826,69.6780
94826,66973,69.6780
110074,54901,73.9378
54901,110074,73.9378
51523,41509,76.8955
41509,51523,76.8955
118301,57865,72.9508
57865,118301,72.9508
118473,110910,69.0786
110910,118473,69.0786
14891,99618,74.5521
99618,14891,74.5521
59587,116522,71.3771
116522,59587,71.3771
80017,11700,73.6936
11700,80017,73.6936
45103,27758,63.5304
27758,45103,63.5304
79787,74523,62.7333
74523,79787,62.7333
56116,101914,64.0093
101914,56116,64.0093
62588,92959,61.6571
92959,62588,61.6571
59622,111836,73.5329
111836,59622,73.5329
97921,99761,69.0016
99761,97921,69.0016
66834,24005,78.9595
24005,66834,78.9595
84008,8891,72.3903
8891,84008,72.3903
34139,74290,56.2378
74290,34139,56.2378
12219,93806,64.0653
93806,12219,64.0653
42173,89378,78.6922
89378,42173,78.6922
31406,102318,53.3233
102318,31406,53.3233
73364,98960,59.9748
98960,73364,59.9748
69677,34617,57.2834
34617,69677,57.2834
73205,68788,61.0975
68788,73205,61.0975
60751,27451,78.8773
27451,60751,78.8773
64110,89876,78.7387
89876,64110,78.7387
65285,80649,65.4547
80649,65285,65.4547
50035,2608,78.3422
2608,50035,78.3422
78990,101107,59.6408
101107,78990,59.6408
30247,97400,78.8540
97400,30247,78.8540
8653,10869,75.0068
10869,8653,75.0068
63787,118554,65.9997
118554,63787,65.9997
69258,37459,60.6451
37459,69258,60.6451
51735,101975,71.9379
101975,51735,71.9379
60427,11250,58.6968
11250,60427,58.6968
63394,58260,72.1231
58260,63394,72.1231
86133,52962,64.8576
52962,86133,64.8576
8653,120321,74.6404
120321,8653,74.6404
61953,86238,59.5404
86238,61953,59.5404
30246,84965,56.0533
84965,30246,56.0533
103428,108013,69.5784
108013,103428,69.5784
52086,85833,53.6672
85833,52086,53.6672
61284,107825,67.1780
107825,61284,67.1780
61473,77814,62.1791
77814,61473,62.1791
67945,63850,64.4078
63850,67945,64.4078
86133,92915,56.2963
92915,86133,56.2963
79678,99750,63.1035
99750,79678,63.1035
116907,101107,72.6869
101107,116907,72.6869
95649,100683,67.0534
100683,95649,67.0534
112317,31875,64.6313
31875,112317,64.6313
103175,80965,66.3276
80965,103175,66.3276
103795,1985,57.0434
1985,103795,57.0434
72680,9876,55.2088
9876,72680,55.2088
50428,68976,66.3270
68976,50428,66.3270
62011,99738,56.3711
99738,62011,56.3711
64104,38511,53.7287
38511,64104,53.7287
8726,43759,64.9781
43759,8726,64.9781
103226,27831,75.7974
27831,103226,75.7974
101553,94834,55.3599
94834,101553,55.3599
60466,64362,69.8531
64362,60466,69.8531
106884,42081,59.9372
42081,106884,59.9372
59288,14378,61.7421
14378,59288,61.7421
60427,10820,54.5317
10820,60427,54.5317
15381,91946,73.1049
91946,15381,73.1049
94569,49890,68.6095
49890,94569,68.6095
71550,14082,55.9684
14082,71550,55.9684
72680,99948,78.7368
99948,72680,78.7368
67213,17949,55.8559
17949,67213,55.8559
56860,57386,56.1745
57386,56860,56.1745
61473,100927,68.8334
100927,61473,68.8334
30150,102311,56.9711
102311,30150,56.9711
29325,99616,77.5110
99616,29325,77.5110
42688,92440,72.4226
92440,42688,72.4226
14334,83961,64.3199
83961,14334,64.3199
59263,26652,62.3892
26652,59263,62.3892
67988,37810,75.3136
37810,67988,75.3136
103746,22623,71.1560
22623,103746,71.1560
32170,92293,70.8564
92293,32170,70.8564
103799,23186,54.7886
23186,103799,54.7886
76227,94060,73.5859
94060,76227,73.5859
110097,27831,73.1459
27831,110097,73.1459
90984,64550,60.5266
64550,90984,60.5266
70946,19286,75.3946
19286,70946,75.3946
116692,100660,63.2288
100660,116692,63.2288
14467,5470,65.6108
5470,14467,65.6108
11205,73986,53.9274
73986,11205,53.9274
52748,61480,74.5346
61480,52748,74.5346
12146,40968,64.9675
40968,12146,64.9675
68690,6374,53.3269
6374,68690,53.3269
69931,88223,74.2393
88223,69931,74.2393
65406,90554,56.0949
90554,65406,56.0949
58289,87888,71.8611
87888,58289,71.8611
68677,100897,70.6321
100897,68677,70.6321
12191,1034,59.3218
1034,12191,59.3218
94657,2406,66.3856
2406,94657,66.3856
68756,102112,72.9775
102112,68756,72.9775
57264,106785,73.1638
106785,57264,73.1638
52063,94390,62.8730
94390,52063,62.8730
101807,48992,52.8955
48992,101807,52.8955
115620,4296,60.4514
4296,115620,60.4514
60529,100645,78.1757
100645,60529,78.1757
106692,26793,75.1738
26793,106692,75.1738
111297,98521,71.1795
98521,111297,71.1795
84008,112605,73.5414
112605,84008,73.5414
14755,31071,73.9766
31071,14755,73.9766
73286,14797,58.3195
14797,73286,58.3195
69962,78475,76.9020
78475,69962,76.9020
72911,54120,64.1094
54120,72911,64.1094
63327,95850,62.9203
95850,63327,62.9203
95199,99711,69.7664
99711,95199,69.7664
32794,1549,63.9551
1549,32794,63.9551
29696,85784,58.4413
85784,29696,58.4413
69856,55319,66.4230
55319,69856,66.4230
52668,48852,75.0864
48852,52668,75.0864
67473,35105,72.6244
35105,67473,72.6244
112530,35964,76.7916
35964,112530,76.7916
29318,6984,70.2800
6984,29318,70.2800
56003,99848,70.4804
99848,56003,70.4804
52749,61907,69.7210
61907,52749,69.7210
86598,100699,57.9708
100699,86598,57.9708
70724,101975,54.8807
101975,70724,54.8807
62439,99623,54.1649
99623,62439,54.1649
55360,58581,52.8405
58581,55360,52.8405
100077,64347,61.2517
64347,100077,61.2517
46365,65099,68.2977
65099,46365,68.2977
75484,50944,78.4986
50944,75484,78.4986
88089,75687,70.5627
75687,88089,70.5627
76340,93829,54.5000
93829,76340,54.5000
14755,85264,77.7947
85264,14755,77.7947
51523,65329,64.3604
65329,51523,64.3604
83210,50012,55.9824
50012,83210,55.9824
72624,18726,56.9874
18726,72624,56.9874
106230,65091,73.4143
65091,106230,73.4143
55566,117474,73.9753
117474,55566,73.9753
73377,88998,53.5069
88998,73377,53.5069
69514,64377,74.6528
64377,69514,74.6528
72835,15998,57.4081
15998,72835,57.4081
97928,39527,56.1108
39527,97928,56.1108
70685,70587,67.4390
70587,70685,67.4390
120042,7914,63.1526
7914,120042,63.1526
47451,34196,59.2984
34196,47451,59.2984
66990,11688,69.1532
11688,66990,69.1532
55802,117865,69.3171
117865,55802,69.3171
31286,78505,66.8758
78505,31286,66.8758
74932,62918,70.5835
62918,74932,70.5835
15381,22861,66.9427
22861,15381,66.9427
77929,102187,77.2712
102187,77929,77.2712
59840,100801,53.9576
100801,59840,53.9576
104565,3898,64.0808
3898,104565,64.0808
43682,92440,70.5497
92440,43682,70.5497
29672,791,59.1767
791,29672,59.1767
101482,41669,69.2113
41669,101482,69.2113
67743,42140,66.9066
42140,67743,66.9066
79678,102172,70.1275
102172,79678,70.1275
68685,37851,72.7779
37851,68685,72.7779
48405,99917,74.4351
99917,48405,74.4351
118176,80138,57.0618
80138,118176,57.0618
56751,25855,73.8726
25855,56751,73.8726
85886,88474,56.1248
88474,85886,56.1248
67213,2803,75.5337
2803,67213,75.5337
46568,26276,56.3694
26276,46568,56.3694
60450,10039,53.1921
10039,60450,53.1921
6137,114566,64.6702
114566,6137,64.6702
89595,23530,75.1963
23530,89595,75.1963
89702,110992,70.1815
110992,89702,70.1815
5574,55727,74.1637
55727,5574,74.1637
4081,73861,71.7468
73861,4081,71.7468
68714,103013,68.0147
103013,68714,68.0147
61277,4478,61.8980
4478,61277,61.8980
66105,89501,74.8307
89501,66105,74.8307
67047,10039,70.4606
10039,67047,70.4606
5519,118904,74.3670
118904,5519,74.3670
111160,44087,61.6668
44087,111160,61.6668
66930,89504,77.4922
89504,66930,77.4922
60427,5419,73.1531
5419,60427,73.1531
12149,86238,61.3258
86238,12149,61.3258
10578,119100,55.5432
119100,10578,55.5432
119426,46333,58.1227
46333,119426,58.1227
56901,90709,60.5936
90709,56901,60.5936
31286,43892,68.0619
43892,31286,68.0619
51758,102188,76.3032
102188,51758,76.3032
66821,23250,58.1832
23250,66821,58.1832
11492,15695,61.3263
15695,11492,61.3263
49654,102530,55.7430
102530,49654,55.7430
59652,57386,57.0020
57386,59652,57.0020
61249,30421,57.4532
30421,61249,57.4532
51583,102693,57.2205
102693,51583,57.2205
39093,64561,56.3165
64561,39093,56.3165
72135,101043,71.1943
101043,72135,71.1943
29323,78696,72.7916
78696,29323,72.7916
103748,91869,77.7513
91869,103748,77.7513
14713,64224,63.3614
64224,14713,63.3614
91449,4296,67.9433
4296,91449,67.9433
50423,96378,78.5048
96378,50423,78.5048
112278,76067,74.8489
76067,112278,74.8489
29881,52956,55.4011
52956,29881,55.4011
103678,43196,57.3073
43196,103678,57.3073
79785,110041,64.5465
110041,79785,64.5465
60327,94063,69.6275
94063,60327,69.6275
56434,88365,54.2711
88365,56434,54.2711
29881,46558,62.6839
46558,29881,62.6839
86835,54252,64.5365
54252,86835,64.5365
11388,109200,59.0945
109200,11388,59.0945
57572,38793,57.0209
38793,57572,57.0209
103510,114510,53.5267
114510,103510,53.5267
53373,96125,59.6221
96125,53373,59.6221
110323,35873,58.5077
35873,110323,58.5077
69721,87108,58.2047
87108,69721,58.2047
98252,91086,68.3413
91086,98252,68.3413
89696,44760,55.7372
44760,89696,55.7372
101760,43894,78.8860
43894,101760,78.8860
8659,97330,69.7185
97330,8659,69.7185
57607,96615,63.4784
96615,57607,63.4784
73573,51426,53.7211
51426,73573,53.7211
72583,23868,52.8584
23868,72583,52.8584
115625,16340,67.0018
16340,115625,67.0018
72200,116162,53.9143
116162,72200,53.9143
69682,60039,76.5665
60039,69682,76.5665
52425,32404,53.5846
32404,52425,53.5846
97958,4435,54.9409
4435,97958,54.9409
84987,111678,57.5065
111678,84987,57.5065
57596,90620,62.1984
90620,57596,62.1984
66811,102090,67.4984
102090,66811,67.4984
60713,52529,59.6830
52529,60713,59.6830
63416,111426,55.4953
111426,63416,55.4953
50423,118987,74.3677
118987,50423,74.3677
85295,36424,78.2210
36424,85295,78.2210
3378,37362,74.5690
37362,3378,74.5690
62279,102321,58.4913
102321,62279,58.4913
30594,83516,77.0203
83516,30594,77.0203
106271,115301,61.4112
115301,106271,61.4112
59873,57483,78.5737
57483,59873,78.5737
29892,38251,73.7405
38251,29892,73.7405
79655,95283,70.5974
95283,79655,70.5974
45645,7487,60.6345
7487,45645,60.6345
67141,74302,65.5813
74302,67141,65.5813
72135,47842,66.6047
47842,72135,66.6047
59475,28436,59.6055
28436,59475,59.6055
62064,14767,69.5300
14767,62064,69.5300
30073,62918,68.8018
62918,30073,68.8018
69795,105371,61.4443
105371,69795,61.4443
65176,106627,65.3544
106627,65176,65.3544
63728,30778,74.3676
30778,63728,74.3676
98455,21260,53.3733
21260,98455,53.3733
65313,80570,57.1266
80570,65313,57.1266
82886,14805,61.9852
14805,82886,61.9852
110759,8437,76.4422
8437,110759,76.4422
78209,32772,55.5620
32772,78209,55.5620
4544,89420,70.4580
89420,4544,70.4580
60557,12120,78.6741
12120,60557,78.6741
14698,99766,70.3247
99766,14698,70.3247
67734,78182,69.6337
78182,67734,69.6337
37378,109215,59.4855
109215,37378,59.4855
65290,21564,78.1411
21564,65290,78.1411
63784,30778,73.3316
30778,63784,73.3316
110671,11852,61.3533
11852,110671,61.3533
61062,54117,77.1622
54117,61062,77.1622
72164,95850,70.3732
95850,72164,70.3732
64098,65796,63.0910
65796,64098,63.0910
58228,39812,74.3573
39812,58228,74.3573
66996,11658,57.4391
11658,66996,57.4391
57541,68106,61.9286
68106,57541,61.9286
72529,98683,67.7829
98683,72529,67.7829
46568,9964,54.8763
9964,46568,54.8763
64196,119257,55.1601
119257,64196,55.1601
101556,34467,68.0731
34467,101556,68.0731
80017,93056,55.0626
93056,80017,55.0626
104440,34616,76.3540
34616,104440,76.3540
85891,92191,67.0241
92191,85891,67.0241
11494,18870,67.0785
18870,11494,67.0785
4801,94212,65.5841
94212,4801,65.5841
12545,2828,76.9435
2828,12545,76.9435
63706,76432,64.9879
76432,63706,64.9879
91006,25100,56.9306
25100,91006,56.9306
32163,76203,69.1438
76203,32163,69.1438
93347,94177,68.7081
94177,93347,68.7081
69962,24246,67.7013
24246,69962,67.7013
103510,97650,71.5935
97650,103510,71.5935
111660,101914,54.5337
101914,111660,54.5337
14309,57483,77.5581
57483,14309,77.5581
10578,13377,72.4703
13377,10578,72.4703
69270,59839,58.6739
59839,69270,58.6739
71571,38644,71.9758
38644,71571,71.9758
69724,32450,75.9070
32450,69724,75.9070
14939,8940,77.9439
8940,14939,77.9439
4803,106149,55.3191
106149,4803,55.3191
62655,31968,53.1067
31968,62655,53.1067
29687,116883,70.1135
116883,29687,70.1135
46126,118909,72.0362
118909,46126,72.0362
90608,64351,72.8323
64351,90608,72.8323
112317,42324,57.1352
42324,112317,57.1352
12219,72713,58.6049
72713,12219,58.6049
79925,23268,66.0854
23268,79925,66.0854
103302,54640,61.5981
54640,103302,61.5981
15381,86231,59.8729
86231,15381,59.8729
63759,102187,67.0750
102187,63759,67.0750
62684,22583,62.2645
22583,62684,62.2645
2004,11688,74.2031
11688,2004,74.2031
68775,86911,63.7302
86911,68775,63.7302
34140,34153,72.5436
34153,34140,72.5436
116691,119254,53.0878
119254,116691,53.0878
14412,27114,67.4898
27114,14412,67.4898
51523,49743,62.7287
49743,51523,62.7287
83210,104709,72.1872
104709,83210,72.1872
52822,96976,65.2440
96976,52822,65.2440
37281,71333,53.1306
71333,37281,53.1306
60667,11861,58.1307
11861,60667,58.1307
66525,91042,68.4318
91042,66525,68.4318
73220,22676,69.5871
22676,73220,69.5871
75096,3971,68.8255
3971,75096,68.8255
89695,88638,56.6119
88638,89695,56.6119
57596,89412,73.8487
89412,57596,73.8487
55588,16212,78.5962
16212,55588,78.5962
68698,68428,78.0538
68428,68698,78.0538
103171,3695,58.7598
3695,103171,58.7598
103802,32349,66.2943
32349,103802,66.2943
8653,61327,56.9895
61327,8653,56.9895
117429,55398,67.3194
55398,117429,67.3194
87683,114211,61.1488
114211,87683,61.1488
68026,29418,62.7834
29418,68026,62.7834
58460,28548,77.4166
28548,58460,77.4166
13987,56015,62.1453
56015,13987,62.1453
78871,101085,75.2637
101085,78871,75.2637
101831,31828,77.7591
31828,101831,77.7591
14386,95316,57.8809
95316,14386,57.8809
100123,3098,77.2565
3098,100123,77.2565
57660,83672,57.5764
83672,57660,57.5764
4347,83006,74.7945
83006,4347,74.7945
68639,42099,74.1325
42099,68639,74.1325
47474,78753,70.2303
78753,47474,70.2303
64196,105646,57.1825
105646,64196,57.1825
73189,107179,67.1711
107179,73189,67.1711
86598,51861,59.7670
51861,86598,59.7670
95792,72750,60.4182
72750,95792,60.4182
29605,91118,61.6398
91118,29605,61.6398
71541,72665,57.6284
72665,71541,57.6284
68714,97953,68.6354
97953,68714,68.6354
62684,100741,68.8079
100741,62684,68.8079
63037,35961,63.0096
35961,63037,63.0096
87683,100919,74.8176
100919,87683,74.8176
34449,56873,63.1031
56873,34449,63.1031
73553,87163,55.2670
87163,73553,55.2670
72397,98038,57.9543
98038,72397,57.9543
101805,40968,61.5740
40968,101805,61.5740
101569,54045,61.7172
54045,101569,61.7172
81411,96139,77.1155
96139,81411,77.1155
1970,49159,71.8772
49159,1970,71.8772
101411,88820,53.2873
88820,101411,53.2873
101511,101049,75.0293
101049,101511,75.0293
56116,49973,55.9245
49973,56116,55.9245
103329,5035,55.2945
5035,103329,55.2945
35882,84820,69.2637
84820,35882,69.2637
54858,58295,57.4636
58295,54858,57.4636
103329,97762,64.2248
97762,103329,64.2248
52484,48133,54.9238
48133,52484,54.9238
106892,31610,54.4587
31610,106892,54.4587
103301,96140,70.8756
96140,103301,70.8756
26154,46332,58.1735
46332,26154,58.1735
32163,89924,67.5323
89924,32163,67.5323
59878,9661,65.7501
9661,59878,65.7501
56024,91336,59.7921
91336,56024,59.7921
34449,87888,58.9038
87888,34449,58.9038
116691,92440,69.6146
92440,116691,69.6146
88517,2197,67.2946
2197,88517,67.2946
98455,119343,76.6569
119343,98455,76.6569
112030,112107,53.2310
112107,112030,53.2310
32131,4640,54.8700
4640,32131,54.8700
29037,94212,67.6234
94212,29037,67.6234
81010,28209,71.9495
28209,81010,71.9495
6137,5419,71.3981
5419,6137,71.3981
30952,18456,71.7646
18456,30952,71.7646
50278,64584,53.4496
64584,50278,53.4496
29014,30359,54.1475
30359,29014,54.1475
63767,87715,67.6309
87715,63767,67.6309
114147,62832,60.8295
62832,114147,60.8295
61277,62268,66.8183
62268,61277,66.8183
56547,71205,55.3217
71205,56547,55.3217
112249,117297,67.9664
117297,112249,67.9664
57596,56947,53.9329
56947,57596,53.9329
32601,9662,76.2665
9662,32601,76.2665
52749,51314,72.0037
51314,52749,72.0037
72397,37459,77.4841
37459,72397,77.4841
66075,34382,59.4211
34382,66075,59.4211
63822,94049,61.2451
94049,63822,61.2451
89483,38405,66.1369
38405,89483,66.1369
78832,24668,58.4442
24668,78832,58.4442
56104,10212,76.3871
10212,56104,76.3871
56434,18790,75.5153
18790,56434,75.5153
104055,47065,65.7923
47065,104055,65.7923
55983,88315,70.1991
88315,55983,70.1991
100181,107248,75.3149
107248,100181,75.3149
94324,42338,74.4293
42338,94324,74.4293
90108,118115,57.3626
118115,90108,57.3626
37834,100020,60.1987
100020,37834,60.1987
51435,44087,72.1993
44087,51435,72.1993
97792,68225,66.6402
68225,97792,66.6402
111450,120153,61.9965
120153,111450,61.9965
67988,27123,65.9400
27123,67988,65.9400
110396,42339,61.3939
42339,110396,61.3939
68685,56322,60.0780
56322,68685,60.0780
97392,116973,66.6336
116973,97392,66.6336
97468,15846,77.1792
15846,97468,77.1792
72529,40346,62.5111
40346,72529,62.5111
104477,39893,58.9445
39893,104477,58.9445
63329,99726,55.4749
99726,63329,55.4749
63322,9251,66.9591
9251,63322,66.9591
90311,66750,63.0895
66750,90311,63.0895
76749,26743,57.4890
26743,76749,57.4890
47057,71183,59.9943
71183,47057,59.9943
66075,6311,74.2555
6311,66075,74.2555
116907,102444,74.4911
102444,116907,74.4911
111626,64740,76.3473
64740,111626,76.3473
100180,80950,67.1324
80950,100180,67.1324
58570,30614,64.9361
30614,58570,64.9361
64789,118881,78.2557
118881,64789,78.2557
105434,90434,53.1222
90434,105434,53.1222
37007,107393,57.1789
107393,37007,57.1789
107279,37433,76.7513
37433,107279,76.7513
101760,65811,54.3678
65811,101760,54.3678
93347,73798,77.0683
73798,93347,77.0683
116490,100024,63.1650
100024,116490,63.1650
73094,100016,63.8187
100016,73094,63.8187
62817,6407,54.3771
6407,62817,54.3771
62688,107974,62.5113
107974,62688,62.5113
76340,38779,56.4865
38779,76340,56.4865
21550,90162,77.0667
90162,21550,77.0667
59744,110070,66.8144
110070,59744,66.8144
43054,99609,64.6962
99609,43054,64.6962
111722,42869,60.1519
42869,111722,60.1519
118150,59606,77.7167
59606,118150,77.7167
55996,68250,57.1591
68250,55996,57.1591
63674,117438,75.6130
117438,63674,75.6130
63946,89155,63.2778
89155,63946,63.2778
101775,9139,75.9771
9139,101775,75.9771
14709,54164,54.3975
54164,14709,54.3975
12545,1573,57.1524
1573,12545,57.1524
70901,53270,60.6472
53270,70901,60.6472
42610,60370,56.5061
60370,42610,56.5061
111160,102557,78.9143
102557,111160,78.9143
101761,118318,56.8074
118318,101761,56.8074
37017,70219,61.3363
70219,37017,61.3363
73094,65885,75.2896
65885,73094,75.2896
110097,58639,75.0841
58639,110097,75.0841
67473,55786,61.5818
55786,67473,61.5818
100437,49730,65.9942
49730,100437,65.9942
103840,7672,54.8089
7672,103840,54.8089
100494,83588,73.6538
83588,100494,73.6538
37083,118318,77.5764
118318,37083,77.5764
30952,106149,76.4831
106149,30952,76.4831
18868,113627,55.2500
113627,18868,55.2500
64513,57120,69.5505
57120,64513,69.5505
37229,82157,62.6290
82157,37229,62.6290
60529,82541,71.8679
82541,60529,71.8679
66996,12120,57.6685
12120,66996,57.6685
16356,1980,67.9015
1980,16356,67.9015
72675,72670,62.2030
72670,72675,62.2030
70861,49852,69.2916
49852,70861,69.2916
69410,117377,69.6411
117377,69410,69.6411
94523,3348,75.0854
3348,94523,75.0854
12222,44990,59.4293
44990,12222,59.4293
101807,95345,64.4771
95345,101807,64.4771
67743,119254,63.8033
119254,67743,63.8033
84024,36482,72.4390
36482,84024,72.4390
68651,100744,53.8541
100744,68651,53.8541
43054,36523,58.0243
36523,43054,58.0243
101760,52391,62.3370
52391,101760,62.3370
70699,10580,59.4854
10580,70699,59.4854
79613,25316,58.3494
25316,79613,58.3494
92856,15448,64.6140
15448,92856,64.6140
70826,100014,54.1727
100014,70826,54.1727
70946,35207,65.2862
35207,70946,65.2862
103469,32072,77.8899
32072,103469,77.8899
104328,7803,62.6413
7803,104328,62.6413
61144,44947,68.3110
44947,61144,68.3110
62665,1934,68.8924
1934,62665,68.8924
94815,8379,58.7001
8379,94815,58.7001
14418,99984,73.4489
99984,14418,73.4489
104162,2736,77.8087
2736,104162,77.8087
90092,7839,66.0778
7839,90092,66.0778
58560,99967,61.9829
99967,58560,61.9829
73553,24815,76.1991
24815,73553,76.1991
78942,42961,75.8019
42961,78942,75.8019
59652,63850,61.8391
63850,59652,61.8391
66811,8270,78.7380
8270,66811,78.7380
21550,81070,62.9108
81070,21550,62.9108
62666,113206,55.4030
113206,62666,55.4030
63750,23914,69.9074
23914,63750,69.9074
91449,4296,73.2673
4296,91449,73.2673
48392,57293,58.1339
57293,48392,58.1339
68558,109348,69.6942
109348,68558,69.6942
80031,118635,65.5412
118635,80031,65.5412
73581,16245,57.0896
16245,73581,57.0896
32627,91086,56.5715
91086,32627,56.5715
8726,90570,58.8744
90570,8726,58.8744
103174,109452,67.6108
109452,103174,67.6108
101414,42866,76.2086
42866,101414,76.2086
103304,23330,77.5723
23330,103304,77.5723
60955,85226,67.8985
85226,60955,67.8985
71592,49827,75.3947
49827,71592,75.3947
111297,3613,54.0869
3613,111297,54.0869
68638,89003,70.2715
89003,68638,70.2715
83210,94024,54.6221
94024,83210,54.6221
68719,80450,69.9776
80450,68719,69.9776
69724,119642,77.8497
119642,69724,77.8497
103798,95114,65.5360
95114,103798,65.5360
29076,105304,75.4777
105304,29076,75.4777
71617,46092,53.3449
46092,71617,53.3449
56446,88845,75.2957
88845,56446,75.2957
87995,13014,69.4207
13014,87995,69.4207
114625,94176,62.3006
94176,114625,62.3006
111723,20153,54.5825
20153,111723,54.5825
60696,56739,56.2216
56739,60696,56.2216
69784,21383,57.4541
21383,69784,57.4541
52379,42858,70.6829
42858,52379,70.6829
67473,31122,67.1562
31122,67473,67.1562
56800,77453,62.4752
77453,56800,62.4752
6020,35936,57.8139
35936,6020,57.8139
61264,96613,73.4453
96613,61264,73.4453
103427,93413,53.0523
93413,103427,53.0523
100439,27012,77.4897
27012,100439,77.4897
92856,85851,67.8119
85851,92856,67.8119
90108,1549,59.0953
1549,90108,59.0953
103511,105281,73.7392
105281,103511,73.7392
47528,17001,74.7280
17001,47528,74.7280
64098,82849,77.7778
82849,64098,77.7778
101565,109631,70.1074
109631,101565,70.1074
55563,111870,67.3939
111870,55563,67.3939
45608,80710,72.9175
80710,45608,72.9175
12783,31444,59.7437
31444,12783,59.7437
104867,2955,72.3860
2955,104867,72.3860
85794,42032,61.5703
42032,85794,61.5703
88547,119461,68.6755
119461,88547,68.6755
29881,10579,64.6528
10579,29881,64.6528
103304,13885,76.3548
13885,103304,76.3548
39071,49836,73.0202
49836,39071,73.0202
14422,7462,55.7105
7462,14422,55.7105
114592,107924,56.1838
107924,114592,56.1838
100185,91784,60.9637
91784,100185,60.9637
63759,8403,69.8533
8403,63759,69.8533
29523,23346,65.2523
23346,29523,65.2523
14754,23210,74.2319
23210,14754,74.2319
37281,45922,61.5974
45922,37281,61.5974
29523,26127,69.7115
26127,29523,69.7115
111791,95021,67.0355
95021,111791,67.0355
101727,102078,67.9675
102078,101727,67.9675
52054,32059,65.5142
32059,52054,65.5142
65292,95114,67.0469
95114,65292,67.0469
11484,13465,58.9832
13465,11484,58.9832
94324,116742,71.6135
116742,94324,71.6135
70199,36592,57.0776
36592,70199,57.0776
101806,9683,78.2257
9683,101806,78.2257
76360,58068,72.4284
58068,76360,72.4284
59893,88831,62.1664
88831,59893,62.1664
111297,86342,61.6387
86342,111297,61.6387
11188,113893,56.5513
113893,11188,56.5513
68677,47015,53.7254
47015,68677,53.7254
85794,111398,74.6210
111398,85794,74.6210
63822,100352,60.2503
100352,63822,60.2503
82911,99833,66.8884
99833,82911,66.8884
66820,101856,56.5046
101856,66820,56.5046
98457,109634,60.6595
109634,98457,60.6595
56901,116176,67.5484
116176,56901,67.5484
64543,62931,65.5065
62931,64543,65.5065
101510,52320,66.4486
52320,101510,66.4486
105476,71532,74.2732
71532,105476,74.2732
28994,75966,66.4363
75966,28994,66.4363
103678,78808,54.2737
78808,103678,54.2737
87576,5978,70.2116
5978,87576,70.2116
11425,85881,63.7474
85881,11425,63.7474
106271,63873,56.5324
63873,106271,56.5324
104069,45575,78.6027
45575,104069,78.6027
103469,105961,56.9100
105961,103469,56.9100
60664,109292,65.9796
109292,60664,65.9796
51160,89027,58.9811
89027,51160,58.9811
18272,68875,52.6895
68875,18272,52.6895
3400,104681,67.6633
104681,3400,67.6633
72135,1789,56.8876
1789,72135,56.8876
67047,6374,77.4427
6374,67047,77.4427
84027,1487,71.5779
1487,84027,71.5779
61551,116081,63.7313
116081,61551,63.7313
106314,12895,74.7515
12895,106314,74.7515
62031,57026,58.7293
57026,62031,58.7293
73520,115662,55.9961
115662,73520,55.9961
18930,59989,57.9132
59989,18930,57.9132
39380,74263,54.5848
74263,39380,54.5848
29605,10580,76.7082
10580,29605,76.7082
80008,54956,52.9055
54956,80008,52.9055
68031,90843,61.5481
90843,68031,61.5481
57280,93014,65.4135
93014,57280,65.4135
118969,27831,75.2623
27831,118969,75.2623
101804,3799,54.2957
3799,101804,54.2957
45728,108025,54.1041
108025,45728,54.1041
30272,99947,53.9824
99947,30272,53.9824
83088,11934,73.3839
11934,83088,73.3839
71294,111830,54.7804
111830,71294,54.7804
67977,46048,61.3166
46048,67977,61.3166
104146,34153,62.1867
34153,104146,62.1867
28994,10856,54.4947
10856,28994,54.4947
72529,58639,71.0900
58639,72529,71.0900
72583,84427,76.9101
84427,72583,76.9101
58948,12062,69.5094
12062,58948,69.5094
104434,36944,64.1001
36944,104434,64.1001
51957,60121,56.7310
60121,51957,56.7310
52484,111253,53.5885
111253,52484,53.5885
120084,30568,63.1023
30568,120084,63.1023
103808,18355,56.3414
18355,103808,56.3414
73538,114186,53.1871
114186,73538,53.1871
115620,53701,57.6514
53701,115620,57.6514
60071,93834,65.4775
93834,60071,65.4775
103274,85263,54.8097
85263,103274,54.8097
6288,53169,73.9666
53169,6288,73.9666
29881,18354,53.7434
18354,29881,53.7434
104434,102781,78.0861
102781,104434,78.0861
63327,62918,76.9599
62918,63327,76.9599
101511,98365,73.3086
98365,101511,73.3086
70942,9251,72.4660
9251,70942,72.4660
78514,118495,62.3802
118495,78514,62.3802
68668,111790,75.8272
111790,68668,75.8272
47435,21778,69.3172
21778,47435,69.3172
56860,27721,62.7465
27721,56860,62.7465
93120,80570,68.0235
80570,93120,68.0235
60071,52693,56.1217
52693,60071,56.1217
948,40479,68.8141
40479,948,68.8141
68668,3446,60.4236
3446,68668,60.4236
70724,101865,63.2795
101865,70724,63.2795
104409,4577,57.8634
4577,104409,57.8634
98014,102832,62.0814
102832,98014,62.0814
22181,80989,69.9038
80989,22181,69.9038
66523,104747,77.0466
104747,66523,77.0466
58473,105586,69.8904
105586,58473,69.8904
119086,36940,53.6653
36940,119086,53.6653
58182,100033,60.1710
100033,58182,60.1710
103750,44721,66.6960
44721,103750,66.6960
76933,113089,58.3337
113089,76933,58.3337
56854,118989,71.5249
118989,56854,71.5249
11494,55371,59.2466
55371,11494,59.2466
68759,42521,65.6457
42521,68759,65.6457
27727,93805,65.9573
93805,27727,65.9573
14958,100724,70.6611
100724,14958,70.6611
26154,40346,60.1720
40346,26154,60.1720
79838,8493,68.9119
8493,79838,68.9119
8860,22583,74.5629
22583,8860,74.5629
103227,96027,59.2771
96027,103227,59.2771
87874,53286,71.3220
53286,87874,71.3220
76360,119913,59.7356
119913,76360,59.7356
50108,37473,78.5194
37473,50108,78.5194
63977,32438,69.1538
32438,63977,69.1538
6420,39973,53.2234
39973,6420,53.2234
4347,99858,54.5593
99858,4347,54.5593
29605,30403,52.9520
30403,29605,52.9520
116905,92324,77.1033
92324,116905,77.1033
94353,55371,72.4507
55371,94353,72.4507
55782,99988,77.1046
99988,55782,77.1046
11065,25250,53.0774
25250,11065,53.0774
55368,96236,53.5119
96236,55368,53.5119
84024,90851,60.5738
90851,84024,60.5738
68709,3530,56.7336
3530,68709,56.7336
72159,101039,70.4914
101039,72159,70.4914
94404,102996,71.5329
102996,94404,71.5329
32640,93798,55.3559
93798,32640,55.3559
110097,31166,61.0570
31166,110097,61.0570
66948,74945,60.3629
74945,66948,60.3629
87995,99763,70.6427
99763,87995,70.6427
89595,120245,59.4827
120245,89595,59.4827
38386,47886,70.2753
47886,38386,70.2753
64118,11919,59.6721
11919,64118,59.6721
66247,43262,65.7540
43262,66247,65.7540
87928,9964,66.4653
9964,87928,66.4653
14475,110070,59.6037
110070,14475,59.6037
72104,24569,70.0592
24569,72104,70.0592
68775,101039,75.6721
101039,68775,75.6721
46568,93056,60.4246
93056,46568,60.4246
57243,6407,69.9107
6407,57243,69.9107
54495,83575,60.5100
83575,54495,60.5100
72164,106009,62.6195
106009,72164,62.6195
100073,99833,58.5287
99833,100073,58.5287
72159,23523,69.1507
23523,72159,69.1507
101510,12103,74.2798
12103,101510,74.2798
50443,35444,73.1823
35444,50443,73.1823
61544,115363,76.7976
115363,61544,76.7976
4803,96168,78.6345
96168,4803,78.6345
61265,57517,60.9034
57517,61265,60.9034
57918,22642,56.5373
22642,57918,56.5373
58963,10338,61.9965
10338,58963,61.9965
76227,41945,57.9167
41945,76227,57.9167
29686,96105,60.2336
96105,29686,60.2336
54858,115955,57.2356
115955,54858,57.2356
67141,58025,74.8432
58025,67141,74.8432
90091,102775,54.8722
102775,90091,54.8722
84027,44071,77.1931
44071,84027,77.1931
66105,117553,56.1804
117553,66105,56.1804
45645,31122,57.5277
31122,45645,57.5277
91361,108076,76.2061
108076,91361,76.2061
42807,75438,66.2784
75438,42807,66.2784
63138,88309,67.6728
88309,63138,67.6728
94367,80628,61.0193
80628,94367,61.0193
62998,111007,65.8565
111007,62998,65.8565
14958,48118,72.5536
48118,14958,72.5536
91006,20824,68.6611
20824,91006,68.6611
66796,89924,62.3206
89924,66796,62.3206
93147,15306,75.7594
15306,93147,75.7594
85419,90654,65.5810
90654,85419,65.5810
72529,600,64.3247
600,72529,64.3247
56854,98517,73.7263
98517,56854,73.7263
101759,14325,63.7980
14325,101759,63.7980
29738,59766,77.2802
59766,29738,77.2802
68562,86163,76.7106
86163,68562,76.7106
93426,97763,68.5966
97763,93426,68.5966
30350,103413,69.1660
103413,30350,69.1660
70826,74187,54.2614
74187,70826,54.2614
86133,102169,68.1383
102169,86133,68.1383
66802,56021,66.5588
56021,66802,66.5588
75101,22642,66.7846
22642,75101,66.7846
101728,119343,54.5749
119343,101728,54.5749
56500,35324,68.5174
35324,56500,68.5174
110068,62236,71.3952
62236,110068,71.3952
80179,94108,54.2509
94108,80179,54.2509
115620,113183,55.4357
113183,115620,55.4357
42173,100833,63.9873
100833,42173,63.9873
111663,113566,52.7825
113566,111663,52.7825
46167,61735,61.5789
61735,46167,61.5789
91450,114838,75.4741
114838,91450,75.4741
62961,43189,67.3520
43189,62961,67.3520
114331,97838,52.8329
97838,114331,52.8329
75252,18263,52.9685
18263,75252,52.9685
12174,58711,57.2928
58711,12174,57.2928
60089,74187,69.8436
74187,60089,69.8436
57660,43477,65.5578
43477,57660,65.5578
119424,60553,65.4459
60553,119424,65.4459
67977,36522,73.8795
36522,67977,73.8795
103307,102992,69.4340
102992,103307,69.4340
29687,31107,54.2803
31107,29687,54.2803
65058,99790,68.2181
99790,65058,68.2181
56785,117756,62.6302
117756,56785,62.6302
76340,107879,64.6959
107879,76340,64.6959
36457,7479,68.2804
7479,36457,68.2804
91000,93176,56.0389
93176,91000,56.0389
56104,68343,73.9840
68343,56104,73.9840
45730,118128,74.7770
118128,45730,74.7770
12190,88223,60.4206
88223,12190,60.4206
83210,40943,53.5984
40943,83210,53.5984
59722,83282,63.7016
83282,59722,63.7016
103511,108223,71.9937
108223,103511,71.9937
38386,100906,60.7172
100906,38386,60.7172
87995,22790,62.7479
22790,87995,62.7479
58192,24569,57.0092
24569,58192,57.0092
87777,60735,59.4662
60735,87777,59.4662
100378,26108,59.5163
26108,100378,59.5163
101512,37459,59.2883
37459,101512,59.2883
101483,51569,71.8655
51569,101483,71.8655
62666,9331,58.5920
9331,62666,58.5920
62064,43696,60.5217
43696,62064,60.5217
116905,95806,67.9771
95806,116905,67.9771
101512,46500,68.0933
46500,101512,68.0933
68714,115571,63.9957
115571,68714,63.9957
56800,35928,67.2338
35928,56800,67.2338
14883,30427,64.2659
30427,14883,64.2659
48245,114149,69.7171
114149,48245,69.7171
76225,37744,67.7467
37744,76225,67.7467
71545,110078,61.1745
110078,71545,61.1745
62684,101282,72.4728
101282,62684,72.4728
30594,52785,54.8321
52785,30594,54.8321
91000,39806,59.5193
39806,91000,59.5193
61551,78212,74.8058
78212,61551,74.8058
111450,108029,63.6337
108029,111450,63.6337
114147,61865,56.0573
61865,114147,56.0573
54587,109852,78.1736
109852,54587,78.1736
32353,52283,64.5922
52283,32353,64.5922
14965,78876,61.2220
78876,14965,61.2220
44606,34638,65.5812
34638,44606,65.5812
61544,94959,68.8079
94959,61544,68.8079
6021,108547,62.9272
108547,6021,62.9272
65292,43627,58.6048
43627,65292,58.6048
101641,108451,56.8029
108451,101641,56.8029
118962,82595,58.4966
82595,118962,58.4966
69799,120894,78.3190
120894,69799,78.3190
30086,96976,53.7882
96976,30086,53.7882
111609,95027,65.7251
95027,111609,65.7251
23749,74219,65.4289
74219,23749,65.4289
70139,83857,62.2061
83857,70139,62.2061
69795,231,63.9437
231,69795,63.9437
103924,27123,73.2468
27123,103924,73.2468
55833,99881,75.1907
99881,55833,75.1907
51435,111264,76.8256
111264,51435,76.8256
15381,2955,75.5637
2955,15381,75.5637
62505,58290,55.6015
58290,62505,55.6015
104478,87545,59.5679
87545,104478,59.5679
36925,55398,70.3149
55398,36925,70.3149
103303,89186,77.6270
89186,103303,77.6270
60689,73954,68.7080
73954,60689,68.7080
12191,105930,56.5844
105930,12191,56.5844
103472,4228,67.1069
4228,103472,67.1069
58292,28430,57.0404
28430,58292,57.0404
61290,119257,55.0531
119257,61290,55.0531
14332,105470,76.2832
105470,14332,76.2832
65215,112036,53.2587
112036,65215,53.2587
58512,91946,77.3836
91946,58512,77.3836
79678,58260,72.5607
58260,79678,72.5607
103757,25430,77.9995
25430,103757,77.9995
70003,101228,54.4639
101228,70003,54.4639
73204,34561,62.2957
34561,73204,62.2957
72998,111100,57.9546
111100,72998,57.9546
59177,119935,65.4676
119935,59177,65.4676
48238,18673,73.8605
18673,48238,73.8605
56906,99773,78.6452
99773,56906,78.6452
104476,47452,73.6721
47452,104476,73.6721
57668,34669,57.9869
34669,57668,57.9869
103792,117722,52.9423
117722,103792,52.9423
61264,48024,67.7120
48024,61264,67.7120
5703,46135,62.0660
46135,5703,62.0660
88435,85881,74.2952
85881,88435,74.2952
111297,87713,73.7199
87713,111297,73.7199
69781,62918,56.5027
62918,69781,56.5027
72104,110063,68.9577
110063,72104,68.9577
53374,85944,66.5895
85944,53374,66.5895
47451,82539,69.7395
82539,47451,69.7395
69718,99671,68.0958
99671,69718,68.0958
5574,60131,63.9076
60131,5574,63.9076
61581,93798,74.2489
93798,61581,74.2489
103746,14765,74.8845
14765,103746,74.8845
61062,53019,77.1647
53019,61062,77.1647
8382,120666,73.0773
120666,8382,73.0773
70139,58290,55.2101
58290,70139,55.2101
34449,118904,62.6556
118904,34449,62.6556
93306,55714,77.9489
55714,93306,77.9489
10997,17210,57.2365
17210,10997,57.2365
51532,115484,61.5186
115484,51532,61.5186
69779,90654,77.7928
90654,69779,77.7928
65270,4030,55.6253
4030,65270,55.6253
6288,57518,71.4484
57518,6288,71.4484
67988,93293,78.5380
93293,67988,78.5380
71130,100920,53.8344
100920,71130,53.8344
29696,10652,67.8843
10652,29696,67.8843
64005,61745,70.9285
61745,64005,70.9285
14422,88474,77.4121
88474,14422,77.4121
65270,100892,68.7602
100892,65270,68.7602
103795,88845,64.0983
88845,103795,64.0983
12215,105013,71.9390
105013,12215,71.9390
62890,80470,73.4394
80470,62890,73.4394
37876,2828,61.8171
2828,37876,61.8171
47430,64224,56.4346
64224,47430,56.4346
87075,10703,59.0200
10703,87075,59.0200
89259,17210,54.3138
17210,89259,54.3138
56106,81852,68.1985
81852,56106,68.1985
70243,3932,53.5504
3932,70243,53.5504
94367,74913,68.5374
74913,94367,68.5374
11065,45922,68.8083
45922,11065,68.8083
97242,120087,73.7554
120087,97242,73.7554
103968,94049,61.6689
94049,103968,61.6689
103306,90387,72.8119
90387,103306,72.8119
87874,107324,77.0703
107324,87874,77.0703
79907,68203,56.1072
68203,79907,56.1072
63727,32282,66.9322
32282,63727,66.9322
69710,64217,64.7654
64217,69710,64.7654
89366,114013,57.0093
114013,89366,57.0093
59288,58256,78.1319
58256,59288,78.1319
70699,91672,62.2411
91672,70699,62.2411
111663,108029,70.0324
108029,111663,70.0324
70172,54304,53.5907
54304,70172,53.5907
68668,31444,59.4209
31444,68668,59.4209
87075,84503,68.0278
84503,87075,68.0278
103799,69049,55.4837
69049,103799,55.4837
70685,71714,67.3492
71714,70685,67.3492
18272,39154,78.6968
39154,18272,78.6968
101828,105908,76.2426
105908,101828,76.2426
18875,102394,73.2439
102394,18875,73.2439
50513,78557,63.7779
78557,50513,63.7779
51201,3907,59.3060
3907,51201,59.3060
70003,52738,57.4012
52738,70003,57.4012
66930,75513,64.3083
75513,66930,64.3083
72731,110085,52.8430
110085,72731,52.8430
69270,120895,76.9050
120895,69270,76.9050
69514,90897,77.2664
90897,69514,77.2664
58266,48851,61.2978
48851,58266,61.2978
90110,18263,53.1086
18263,90110,53.1086
57216,111007,76.9658
111007,57216,76.9658
97921,94959,71.2618
94959,97921,71.2618
58233,34153,76.5566
34153,58233,76.5566
58266,99699,55.7611
99699,58266,55.7611
98005,112211,56.6944
112211,98005,56.6944
116519,24080,61.0406
24080,116519,61.0406
68719,28417,69.3246
28417,68719,69.3246
58271,99773,72.0857
99773,58271,72.0857
78712,58119,59.6488
58119,78712,59.6488
32353,119653,55.7208
119653,32353,55.7208
115620,119326,54.7753
119326,115620,54.7753
115173,62811,56.2164
62811,115173,56.2164
14842,92802,63.4733
92802,14842,63.4733
74746,75282,57.6326
75282,74746,57.6326
11492,83586,76.4279
83586,11492,76.4279
14842,99902,66.1406
99902,14842,66.1406
103473,115374,63.8203
115374,103473,63.8203
66967,46908,54.9512
46908,66967,54.9512
60713,102273,65.0678
102273,60713,65.0678
36639,21472,57.0986
21472,36639,57.0986
66948,23480,61.4429
23480,66948,61.4429
103751,18007,78.0989
18007,103751,78.0989
30246,78475,76.4366
78475,30246,76.4366
8898,61753,64.3528
61753,8898,64.3528
60512,110381,68.0460
110381,60512,68.0460
68336,56344,74.4798
56344,68336,74.4798
14309,86976,59.4001
86976,14309,59.4001
51593,72665,53.2506
72665,51593,53.2506
26172,99104,62.2153
99104,26172,62.2153
69809,32493,60.7518
32493,69809,60.7518
34147,104889,53.6487
104889,34147,53.6487
77929,92234,77.8323
92234,77929,77.8323
98014,43892,57.2943
43892,98014,57.2943
117018,64574,54.6461
64574,117018,54.6461
92735,114186,70.4957
114186,92735,70.4957
62580,92755,70.4982
92755,62580,70.4982
66990,67408,56.8781
67408,66990,56.8781
97392,21260,64.6566
21260,97392,64.6566
85862,100741,62.4428
100741,85862,62.4428
6420,41232,52.6901
41232,6420,52.6901
78832,44573,77.0240
44573,78832,77.0240
27726,9137,72.0024
9137,27726,72.0024
72159,69358,75.4390
69358,72159,75.4390
103473,34561,72.8047
34561,103473,72.8047
4801,115877,77.6186
115877,4801,77.6186
43682,73877,74.6881
73877,43682,74.6881
71130,34638,72.9456
34638,71130,72.9456
90311,99974,70.5793
99974,90311,70.5793
61917,87935,63.2063
87935,61917,63.2063
92856,12883,74.9921
12883,92856,74.9921
66531,42312,70.4730
42312,66531,70.4730
66531,92428,70.3956
92428,66531,70.3956
84120,49025,64.1561
49025,84120,64.1561
109918,93029,52.8299
93029,109918,52.8299
61417,27407,64.3832
27407,61417,64.3832
11188,100016,54.7121
100016,11188,54.7121
73220,1274,67.2669
1274,73220,67.2669
56003,2055,69.3186
2055,56003,69.3186
6137,120828,60.0196
120828,6137,60.0196
73205,61192,54.2043
61192,73205,54.2043
63037,97961,65.6350
97961,63037,65.6350
72717,41603,59.6887
41603,72717,59.6887
88781,99834,63.2650
99834,88781,63.2650
51618,16843,74.8439
16843,51618,74.8439
72911,82488,60.8102
82488,72911,60.8102
83032,1614,59.2765
1614,83032,59.2765
14830,42858,61.9582
42858,14830,61.9582
110097,9436,77.0144
9436,110097,77.0144
98014,83035,63.5792
83035,98014,63.5792
54268,81811,62.0561
81811,54268,62.0561
69784,49317,61.7345
49317,69784,61.7345
63327,89177,67.5550
89177,63327,67.5550
68336,34382,64.3765
34382,68336,64.3765
56846,53206,61.8700
53206,56846,61.8700
59820,52672,56.3360
52672,59820,56.3360
89584,68875,78.6185
68875,89584,78.6185
66490,93829,72.2349
93829,66490,72.2349
80441,95685,66.2341
95685,80441,66.2341
66525,16306,65.1706
16306,66525,65.1706
76218,2074,70.7964
2074,76218,70.7964
119426,113893,67.3196
113893,119426,67.3196
97385,108345,72.1095
108345,97385,72.1095
64303,95316,70.8607
95316,64303,70.8607
56116,27483,71.7683
27483,56116,71.7683
89702,120297,61.3771
120297,89702,61.3771
68719,62907,71.9167
62907,68719,71.9167
69203,100683,78.0309
100683,69203,78.0309
30246,61037,59.0502
61037,30246,59.0502
57972,40222,66.2759
40222,57972,66.2759
29037,41070,54.9306
41070,29037,54.9306
85859,50424,73.0574
50424,85859,73.0574
68756,3748,68.0337
3748,68756,68.0337
66265,35654,59.5826
35654,66265,59.5826
57677,31870,75.0404
31870,57677,75.0404
111708,60649,54.9331
60649,111708,54.9331
46568,51667,76.5622
51667,46568,76.5622
42113,72750,63.2149
72750,42113,63.2149
43604,8516,69.6781
8516,43604,69.6781
78942,25100,73.6241
25100,78942,73.6241
69967,16360,70.4859
16360,69967,70.4859
50135,11714,65.7584
11714,50135,65.7584
58576,15265,72.5265
15265,58576,72.5265
69967,18007,69.9520
18007,69967,69.9520
84442,56634,61.2762
56634,84442,61.2762
92275,86941,65.4932
86941,92275,65.4932
59873,18902,69.0249
18902,59873,69.0249
87683,21725,66.4588
21725,87683,66.4588
29014,68263,68.7155
68263,29014,68.7155
62064,30799,64.8007
30799,62064,64.8007
70041,58068,70.1493
58068,70041,70.1493
69410,134,65.2046
134,69410,65.2046
56003,76338,69.5292
76338,56003,69.5292
56846,64570,62.1722
64570,56846,62.1722
97958,116933,74.6988
116933,97958,74.6988
6420,105470,56.9673
105470,6420,56.9673
93120,28219,75.7140
28219,93120,75.7140
101638,31057,56.5869
31057,101638,56.5869
59820,52708,61.6027
52708,59820,61.6027
101569,100502,68.6592
100502,101569,68.6592
8659,3932,69.8160
3932,8659,69.8160
62450,55246,62.0805
55246,62450,62.0805
94760,26127,71.6265
26127,94760,71.6265
63827,76891,57.8051
76891,63827,57.8051
84008,10674,67.5828
10674,84008,67.5828
69428,91108,56.8500
91108,69428,56.8500
86010,1573,67.7418
1573,86010,67.7418
76364,97331,62.5665
97331,76364,62.5665
56860,95182,74.2079
95182,56860,74.2079
71111,9139,68.9582
9139,71111,68.9582
59206,73108,78.6289
73108,59206,78.6289
63025,9579,62.0329
9579,63025,62.0329
45555,91993,63.4644
91993,45555,63.4644
57246,108148,72.3070
108148,57246,72.3070
10081,11315,55.0947
11315,10081,55.0947
61012,44323,76.2332
44323,61012,76.2332
106532,48851,71.3246
48851,106532,71.3246
63822,114594,78.0700
114594,63822,78.0700
70695,90903,66.1219
90903,70695,66.1219
37083,116841,76.0513
116841,37083,76.0513
97403,83037,55.6202
83037,97403,55.6202
67664,111782,59.4014
111782,67664,59.4014
91318,34817,74.2311
34817,91318,74.2311
68341,26750,78.7461
26750,68341,78.7461
45555,30761,65.1953
30761,45555,65.1953
56577,118399,64.4595
118399,56577,64.4595
97882,34471,53.4308
34471,97882,53.4308
29686,105930,54.1019
105930,29686,54.1019
49646,7403,58.7394
7403,49646,58.7394
84119,68250,71.0215
68250,84119,71.0215
69876,44337,54.9242
44337,69876,54.9242
47057,38510,54.4051
38510,47057,54.4051
69405,84519,65.9937
84519,69405,65.9937
29034,93433,55.4845
93433,29034,55.4845
29906,32310,61.0204
32310,29906,61.0204
3355,53967,56.4602
53967,3355,56.4602
69718,93806,75.9380
93806,69718,75.9380
71130,76811,52.7243
76811,71130,52.7243
70861,58633,68.3903
58633,70861,68.3903
59652,82595,71.6126
82595,59652,71.6126
58576,68908,62.5654
68908,58576,62.5654
57941,78516,64.9753
78516,57941,64.9753
32678,42866,66.9376
42866,32678,66.9376
56500,90644,74.5360
90644,56500,74.5360
91212,40125,68.6055
40125,91212,68.6055
65270,48778,75.1263
48778,65270,75.1263
73622,16717,62.3911
16717,73622,62.3911
51523,113206,65.5984
113206,51523,65.5984
69410,9446,73.3219
9446,69410,73.3219
103678,91882,66.5200
91882,103678,66.5200
55821,71313,68.0297
71313,55821,68.0297
16637,119835,55.1737
119835,16637,55.1737
45103,10562,60.2535
10562,45103,60.2535
56485,24537,68.3052
24537,56485,68.3052
8359,98444,72.4775
98444,8359,72.4775
70139,5950,76.5024
5950,70139,76.5024
60811,80793,69.5730
80793,60811,69.5730
101727,17541,66.6334
17541,101727,66.6334
44306,27973,61.4502
27973,44306,61.4502
39294,38770,78.4477
38770,39294,78.4477
71236,58650,68.9508
58650,71236,68.9508
109918,89501,61.6618
89501,109918,61.6618
59870,82604,76.9405
82604,59870,76.9405
101485,97650,77.1777
97650,101485,77.1777
65266,40425,66.3952
40425,65266,66.3952
69710,105493,76.2536
105493,69710,76.2536
59719,479,63.1036
479,59719,63.1036
116519,58814,59.1367
58814,116519,59.1367
57677,46500,68.5452
46500,57677,68.5452
66488,37417,74.5862
37417,66488,74.5862
46126,26590,55.2356
26590,46126,55.2356
16279,44095,70.8789
44095,16279,70.8789
85862,36152,62.5587
36152,85862,62.5587
54859,74290,67.6435
74290,54859,67.6435
4081,99724,63.1691
99724,4081,63.1691
14842,90996,65.8623
90996,14842,65.8623
64118,61744,68.1132
61744,64118,68.1132
60430,107393,68.3050
107393,60430,68.3050
63699,42619,73.6577
42619,63699,73.6577
9182,53898,75.4781
53898,9182,75.4781
104409,100699,70.6467
100699,104409,70.6467
59042,32059,66.1206
32059,59042,66.1206
54593,50833,58.7837
50833,54593,58.7837
68650,17170,56.0271
17170,68650,56.0271
85794,112540,70.9714
112540,85794,70.9714
60983,1416,54.8117
1416,60983,54.8117
10995,86557,62.9933
86557,10995,62.9933
42175,117489,72.2423
117489,42175,72.2423
66973,34617,58.3693
34617,66973,58.3693
112282,52230,64.0865
52230,112282,64.0865
51201,107248,61.9728
107248,51201,61.9728
79678,46493,55.1362
46493,79678,55.1362
94523,100403,71.5596
100403,94523,71.5596
61138,52273,67.9326
52273,61138,67.9326
59719,120655,65.6690
120655,59719,65.6690
63418,78341,60.6529
78341,63418,60.6529
31200,12041,67.9352
12041,31200,67.9352
62460,92293,76.9788
92293,62460,76.9788
21310,100798,73.4906
100798,21310,73.4906
63977,92146,73.4632
92146,63977,73.4632
75511,93293,59.3468
93293,75511,59.3468
70073,10384,52.6847
10384,70073,52.6847
79479,92976,52.7727
92976,79479,52.7727
103746,47618,76.4825
47618,103746,76.4825
86389,89882,64.1950
89882,86389,64.1950
72337,102995,62.7182
102995,72337,62.7182
101837,112690,54.5510
112690,101837,54.5510
71414,61744,68.5936
61744,71414,68.5936
104162,100033,58.4901
100033,104162,58.4901
61263,65875,72.5043
65875,61263,72.5043
73721,53951,60.1978
53951,73721,60.1978
67973,10683,75.4000
10683,67973,75.4000
68909,68875,76.2572
68875,68909,76.2572
56106,106611,68.2110
106611,56106,68.2110
104307,28242,58.2931
28242,104307,58.2931
36702,28610,69.5711
28610,36702,69.5711
15395,3936,70.7305
3936,15395,70.7305
111723,118909,71.7292
118909,111723,71.7292
84024,100603,71.4938
100603,84024,71.4938
66820,97132,60.8518
97132,66820,60.8518
47430,112417,61.1237
112417,47430,61.1237
55360,6411,68.0413
6411,55360,68.0413
30118,16333,73.8290
16333,30118,73.8290
65476,99935,69.3423
99935,65476,69.3423
90092,8071,68.1978
8071,90092,68.1978
69967,13523,52.9183
13523,69967,52.9183
103508,15555,72.0526
15555,103508,72.0526
106230,4927,60.8373
4927,106230,60.8373
85295,108076,54.6758
108076,85295,54.6758
14480,97590,77.6320
97590,14480,77.6320
32083,83282,66.9124
83282,32083,66.9124
68212,26884,55.5865
26884,68212,55.5865
68639,111757,70.4608
111757,68639,70.4608
79785,1985,54.5353
1985,79785,54.5353
91450,104709,58.2638
104709,91450,58.2638
89584,48799,63.3152
48799,89584,63.3152
45733,114528,65.9048
114528,45733,65.9048
14418,116069,64.3058
116069,14418,64.3058
91449,86702,55.4510
86702,91449,55.4510
68784,25936,77.3275
25936,68784,77.3275
42890,41901,61.3966
41901,42890,61.3966
56547,92506,73.0215
92506,56547,73.0215
103427,5921,70.1650
5921,103427,70.1650
80074,47249,74.7061
47249,80074,74.7061
56104,26764,73.6492
26764,56104,73.6492
79908,8164,53.1884
8164,79908,53.1884
29746,34153,59.1900
34153,29746,59.1900
75131,3301,75.8367
3301,75131,75.8367
73757,80138,54.5895
80138,73757,54.5895
35911,97838,61.4226
97838,35911,61.4226
57918,34102,52.7848
34102,57918,52.7848
113213,16412,68.4024
16412,113213,68.4024
50419,113319,63.9590
113319,50419,63.9590
103750,98090,62.4216
98090,103750,62.4216
92735,66714,78.5883
66714,92735,78.5883
101569,105983,60.0886
105983,101569,60.0886
55368,18538,77.6202
18538,55368,77.6202
57972,90007,70.4258
90007,57972,70.4258
110979,78710,75.7471
78710,110979,75.7471
68482,57517,60.3257
57517,68482,60.3257
70949,61918,54.1352
61918,70949,54.1352
111723,93176,75.6590
93176,111723,75.6590
66811,99761,70.7635
99761,66811,70.7635
91000,54730,77.2988
54730,91000,77.2988
104163,73923,75.2359
73923,104163,75.2359
97882,73892,65.2734
73892,97882,65.2734
69802,9964,74.9581
9964,69802,74.9581
11069,114690,52.7670
114690,11069,52.7670
116916,64584,69.3270
64584,116916,69.3270
60557,42218,63.1896
42218,60557,63.1896
69724,86293,71.0001
86293,69724,71.0001
72164,71287,67.4774
71287,72164,67.4774
72835,118898,63.6499
118898,72835,63.6499
114625,46538,76.0684
46538,114625,76.0684
69715,15826,55.5914
15826,69715,55.5914
93171,81518,52.7456
81518,93171,52.7456
58460,52672,74.4770
52672,58460,74.4770
103757,56644,65.3259
56644,103757,65.3259
61292,15504,75.9987
15504,61292,75.9987
47433,112097,76.2746
112097,47433,76.2746
92275,3105,68.5864
3105,92275,68.5864
70243,97590,55.3056
97590,70243,55.3056
68639,99779,74.6979
99779,68639,74.6979
14422,15743,61.5337
15743,14422,61.5337
62839,75225,76.1327
75225,62839,76.1327
77937,39797,63.9118
39797,77937,63.9118
10081,55237,67.8932
55237,10081,67.8932
4801,94049,69.2178
94049,4801,69.2178
84118,28209,71.4639
28209,84118,71.4639
36935,98568,67.1425
98568,36935,67.1425
89696,4428,72.4102
4428,89696,72.4102
69325,89876,59.3815
89876,69325,59.3815
56584,75081,67.6693
75081,56584,67.6693
106230,92930,55.8784
92930,106230,55.8784
63322,93413,77.4243
93413,63322,77.4243
65292,78212,78.8682
78212,65292,78.8682
71190,60690,63.0521
60690,71190,63.0521
37834,117119,57.5165
117119,37834,57.5165
67203,99739,63.8204
99739,67203,63.8204
63706,108804,78.7254
108804,63706,78.7254
5036,26893,74.3815
26893,5036,74.3815
61951,58831,53.5207
58831,61951,53.5207
68523,34994,65.2206
34994,68523,65.2206
65399,115642,60.2149
115642,65399,60.2149
81985,34474,76.7621
34474,81985,76.7621
68377,64740,69.0013
64740,68377,69.0013
37281,117483,55.9999
117483,37281,55.9999
69795,64577,53.8528
64577,69795,53.8528
37834,101059,61.0767
101059,37834,61.0767
39293,105645,65.8268
105645,39293,65.8268
73757,28550,60.0214
28550,73757,60.0214
79785,28219,76.6280
28219,79785,76.6280
95202,21066,53.1925
21066,95202,53.1925
114011,108801,70.0183
108801,114011,70.0183
32601,18970,71.5625
18970,32601,71.5625
69815,38279,55.2783
38279,69815,55.2783
105171,43089,60.6515
43089,105171,60.6515
68336,45153,70.0459
45153,68336,70.0459
30677,77465,60.4499
77465,30677,60.4499
103916,107538,57.3685
107538,103916,57.3685
59638,81902,66.6981
81902,59638,66.6981
114555,26338,60.2994
26338,114555,60.2994
68506,86841,54.9292
86841,68506,54.9292
64087,52417,63.1626
52417,64087,63.1626
81411,52693,54.8939
52693,81411,54.8939
63407,1416,74.9782
1416,63407,74.9782
67732,100009,55.3644
100009,67732,55.3644
109918,117735,63.3385
117735,109918,63.3385
65511,26108,69.5189
26108,65511,69.5189
91834,83368,68.7799
83368,91834,68.7799
30350,120720,52.7568
120720,30350,52.7568
75101,91946,58.0298
91946,75101,58.0298
55099,99959,54.9253
99959,55099,54.9253
76224,91298,70.4759
91298,76224,70.4759
29892,99634,61.3906
99634,29892,61.3906
63006,101089,54.9797
101089,63006,54.9797
101512,24506,62.2754
24506,101512,62.2754
30789,117492,71.1792
117492,30789,71.1792
53371,107474,59.7171
107474,53371,59.7171
112285,7487,54.1062
7487,112285,54.1062
31200,104731,69.5210
104731,31200,69.5210
101835,65055,58.6611
65055,101835,58.6611
29107,9361,60.2801
9361,29107,60.2801
84026,118999,56.5850
118999,84026,56.5850
5574,92930,59.2212
92930,5574,59.2212
56434,82595,77.1329
82595,56434,77.1329
56446,34638,56.9758
34638,56446,56.9758
51593,39856,73.6055
39856,51593,73.6055
47433,102832,67.9682
102832,47433,67.9682
56547,15670,59.4912
15670,56547,59.4912
71157,63403,61.3615
63403,71157,61.3615
103171,51022,64.6927
51022,103171,64.6927
66105,84889,63.7285
84889,66105,63.7285
91318,6565,75.7430
6565,91318,75.7430
14481,74176,56.2335
74176,14481,56.2335
71130,44337,73.3761
44337,71130,73.3761
88435,63889,68.4118
63889,88435,68.4118
36878,28065,70.7760
28065,36878,70.7760
111165,79424,61.2434
79424,111165,61.2434
101515,112157,56.4349
112157,101515,56.4349
8659,99734,75.2471
99734,8659,75.2471
45123,49317,61.4688
49317,45123,61.4688
32315,111041,68.5180
111041,32315,68.5180
69722,115955,69.9338
115955,69722,69.9338
112408,99756,75.9245
99756,112408,75.9245
66948,109049,55.3500
109049,66948,55.3500
94760,98354,78.5230
98354,94760,78.5230
85859,60051,59.5672
60051,85859,59.5672
110101,72670,78.4361
72670,110101,78.4361
47474,51667,54.9947
51667,47474,54.9947
71579,60075,55.1976
60075,71579,55.1976
66144,92758,69.7744
92758,66144,69.7744
50278,26619,73.5053
26619,50278,73.5053
63791,88638,61.2722
88638,63791,61.2722
69784,105726,53.5459
105726,69784,53.5459
103970,117154,61.4332
117154,103970,61.4332
110097,45153,71.6522
45153,110097,71.6522
104309,78753,55.6050
78753,104309,55.6050
88991,4475,73.8176
4475,88991,73.8176
56782,83281,73.1000
83281,56782,73.1000
97392,108148,53.0182
108148,97392,53.0182
58752,44882,70.8663
44882,58752,70.8663
55894,118982,55.0377
118982,55894,55.0377
116939,39857,70.5431
39857,116939,70.5431
14016,4399,57.4557
4399,14016,57.4557
45521,108804,54.2194
108804,45521,54.2194
89588,50723,71.5480
50723,89588,71.5480
103304,36511,72.5550
36511,103304,72.5550
6020,90894,56.1643
90894,6020,56.1643
12191,114577,57.0944
114577,12191,57.0944
63822,15670,59.0062
15670,63822,59.0062
98576,70461,77.5479
70461,98576,77.5479
80031,65381,70.6799
65381,80031,70.6799
116917,6827,76.4430
6827,116917,76.4430
75229,43089,66.3305
43089,75229,66.3305
56547,83112,60.6519
83112,56547,60.6519
93284,42781,76.8492
42781,93284,76.8492
89582,116154,55.2835
116154,89582,55.2835
101760,11934,67.1719
11934,101760,67.1719
80031,35928,78.3514
35928,80031,78.3514
63750,119224,74.4847
119224,63750,74.4847
68719,81314,55.4913
81314,68719,55.4913
29037,18961,65.3312
18961,29037,65.3312
69428,119925,61.9459
119925,69428,61.9459
62532,25803,64.0203
25803,62532,64.0203
110068,99716,69.1097
99716,110068,69.1097
67951,6181,64.7593
6181,67951,64.7593
32522,100927,57.4799
100927,32522,57.4799
69856,41134,75.2470
41134,69856,75.2470
64481,53896,70.8801
53896,64481,70.8801
63827,40173,78.5946
40173,63827,78.5946
116792,23834,63.9791
23834,116792,63.9791
70146,10238,78.5366
10238,70146,78.5366
76218,99743,59.8658
99743,76218,59.8658
68055,12274,54.8932
12274,68055,54.8932
57947,52475,71.3030
52475,57947,71.3030
103921,14765,55.6173
14765,103921,55.6173
72979,3098,61.6472
3098,72979,61.6472
56041,13521,68.0293
13521,56041,68.0293
103302,49317,61.2076
49317,103302,61.2076
114119,37652,61.5175
37652,114119,61.5175
18930,50204,73.1705
50204,18930,73.1705
59830,41376,60.6733
41376,59830,60.6733
89584,99849,65.9205
99849,89584,65.9205
73204,62228,54.5753
62228,73204,54.5753
59177,76338,67.4915
76338,59177,67.4915
114147,18651,65.5760
18651,114147,65.5760
29547,85167,68.3180
85167,29547,68.3180
481,36087,69.4903
36087,481,69.4903
103174,102188,59.7214
102188,103174,59.7214
57947,64275,61.3034
64275,57947,61.3034
68026,927,70.4828
927,68026,70.4828
5514,93360,64.9451
93360,5514,64.9451
58777,80649,56.1225
80649,58777,56.1225
8860,86841,55.5977
86841,8860,55.5977
69931,42770,60.6713
42770,69931,60.6713
69241,72713,58.4033
72713,69241,58.4033
62279,44243,55.0256
44243,62279,55.0256
52379,89003,74.5609
89003,52379,74.5609
54081,57483,66.9415
57483,54081,66.9415
65318,100026,67.1705
100026,65318,67.1705
93902,10714,53.3490
10714,93902,53.3490
111434,57520,63.9922
57520,111434,63.9922
64116,68882,72.6006
68882,64116,72.6006
69781,84543,58.4869
84543,69781,58.4869
59873,7487,71.2946
7487,59873,71.2946
87075,83037,59.4924
83037,87075,59.4924
71545,1622,53.4599
1622,71545,53.4599
103307,42869,67.3171
42869,103307,67.3171
63413,99715,73.8908
99715,63413,73.8908
110758,27731,56.5574
27731,110758,56.5574
56471,106650,58.0071
106650,56471,58.0071
55580,18526,58.2802
18526,55580,58.2802
56785,81608,69.0520
81608,56785,69.0520
56543,38792,73.9533
38792,56543,73.9533
73553,100024,54.3446
100024,73553,54.3446
100489,92071,54.1737
92071,100489,54.1737
30355,7711,67.2944
7711,30355,67.2944
101641,86238,76.8267
86238,101641,76.8267
62532,99104,74.2967
99104,62532,74.2967
103810,112288,60.0125
112288,103810,60.0125
114625,22823,75.8698
22823,114625,75.8698
106271,15277,58.9167
15277,106271,58.9167
51433,102187,76.2308
102187,51433,76.2308
56416,100805,75.6520
100805,56416,75.6520
66837,111577,70.7720
111577,66837,70.7720
62890,4671,59.7855
4671,62890,59.7855
14830,8435,77.2569
8435,14830,77.2569
67988,111580,71.1828
111580,67988,71.1828
37017,17313,55.9728
17313,37017,55.9728
85419,43741,76.3465
43741,85419,76.3465
47430,99780,76.7755
99780,47430,76.7755
68784,23528,65.7318
23528,68784,65.7318
63778,111847,72.8756
111847,63778,72.8756
62655,44721,63.7858
44721,62655,63.7858
37233,63602,62.3553
63602,37233,62.3553
101727,114436,76.6188
114436,101727,76.6188
35881,102283,78.5139
102283,35881,78.5139
60713,8270,66.8542
8270,60713,66.8542
83450,64541,69.9689
64541,83450,69.9689
62688,45877,63.0098
45877,62688,63.0098
93120,13553,58.9915
13553,93120,58.9915
42175,49159,66.6225
49159,42175,66.6225
11069,106608,70.6534
106608,11069,70.6534
47483,82153,67.2902
82153,47483,67.2902
111297,25310,64.5398
25310,111297,64.5398
32614,54402,56.6038
54402,32614,56.6038
13987,11688,57.8601
11688,13987,57.8601
69721,99999,55.5750
99999,69721,55.5750
56337,31057,57.0122
31057,56337,57.0122
4960,105468,72.4566
105468,4960,72.4566
89259,71200,53.3315
71200,89259,53.3315
64104,101867,71.2605
101867,64104,71.2605
61845,101946,54.8007
101946,61845,54.8007
62580,4225,78.3572
4225,62580,78.3572
3378,87384,70.8116
87384,3378,70.8116
14393,120087,78.2253
120087,14393,78.2253
85419,86055,73.3657
86055,85419,73.3657
56854,56318,68.4193
56318,56854,68.4193
73431,99701,62.3902
99701,73431,62.3902
68212,27872,61.0658
27872,68212,61.0658
32627,50550,58.6248
50550,32627,58.6248
51957,105645,62.6090
105645,51957,62.6090
76340,28432,53.8785
28432,76340,53.8785
78408,54289,66.9527
54289,78408,66.9527
71130,104804,58.9379
104804,71130,58.9379
84026,76330,66.6341
76330,84026,66.6341
66990,99782,74.5286
99782,66990,74.5286
29608,61435,57.0155
61435,29608,57.0155
29034,49680,72.0899
49680,29034,72.0899
97882,65234,67.2022
65234,97882,67.2022
68562,11449,59.7396
11449,68562,59.7396
51739,2609,67.1768
2609,51739,67.1768
101414,44022,77.1534
44022,101414,77.1534
110396,23,72.7445
23,110396,72.7445
55571,10683,60.3677
10683,55571,60.3677
57243,53162,75.1777
53162,57243,75.1777
103748,10574,66.5686
10574,103748,66.5686
83210,12103,56.7627
12103,83210,56.7627
61576,22510,58.5509
22510,61576,58.5509
93423,104673,62.0650
104673,93423,62.0650
93147,47518,56.4062
47518,93147,56.4062
26172,106131,72.9388
106131,26172,72.9388
12155,99837,76.5595
99837,12155,76.5595
60466,100454,61.2951
100454,60466,61.2951
97392,8903,76.6533
8903,97392,76.6533
67451,104660,67.0246
104660,67451,67.0246
8659,14378,68.9890
14378,8659,68.9890
47606,51239,61.8125
51239,47606,61.8125
97928,22637,54.4520
22637,97928,54.4520
29547,56023,60.2992
56023,29547,60.2992
46568,90618,65.0458
90618,46568,65.0458
56106,15555,66.2456
15555,56106,66.2456
111660,80950,68.0774
80950,111660,68.0774
57954,6016,67.9546
6016,57954,67.9546
119086,81608,70.3487
81608,119086,70.3487
62466,27700,69.0558
27700,62466,69.0558
116633,70517,56.9703
70517,116633,56.9703
116491,99704,71.8850
99704,116491,71.8850
92678,79206,60.8516
79206,92678,60.8516
12215,68965,65.8208
68965,12215,65.8208
76749,23909,61.9804
23909,76749,61.9804
72397,7395,64.2478
7395,72397,64.2478
101432,38770,75.9761
38770,101432,75.9761
45555,17865,56.5539
17865,45555,56.5539
79410,79206,73.1873
79206,79410,73.1873
65476,84627,76.6268
84627,65476,76.6268
100494,9741,71.8095
9741,100494,71.8095
29075,87124,60.9813
87124,29075,60.9813
103228,92234,73.1329
92234,103228,73.1329
10916,32438,73.6317
32438,10916,73.6317
71592,11264,70.0100
11264,71592,70.0100
56584,54304,75.3514
54304,56584,75.3514
16598,38843,69.9591
38843,16598,69.9591
103793,45766,75.1650
45766,103793,75.1650
67945,92579,72.5956
92579,67945,72.5956
86133,120833,59.4637
120833,86133,59.4637
65476,116973,67.4005
116973,65476,67.4005
68267,99761,61.5034
99761,68267,61.5034
6442,15302,72.8946
15302,6442,72.8946
70949,34315,61.3051
34315,70949,61.3051
95202,56861,66.4949
56861,95202,66.4949
116691,94212,78.8812
94212,116691,78.8812
54081,83516,52.8330
83516,54081,52.8330
83450,3049,66.5488
3049,83450,66.5488
104478,6755,76.3661
6755,104478,76.3661
111297,47749,68.8632
47749,111297,68.8632
73581,100032,68.5833
100032,73581,68.5833
66485,52527,77.5238
52527,66485,77.5238
113167,113017,71.2007
113017,113167,71.2007
46167,35598,70.9577
35598,46167,70.9577
73754,99609,62.3082
99609,73754,62.3082
39294,19096,53.8615
19096,39294,53.8615
94543,35324,58.8943
35324,94543,58.8943
45123,53649,75.2246
53649,45123,75.2246
52484,94418,52.7369
94418,52484,52.7369
107782,15433,71.0316
15433,107782,71.0316
100491,91298,57.8466
91298,100491,57.8466
13988,96675,78.4447
96675,13988,78.4447
57572,1857,66.5607
1857,57572,66.5607
114119,35122,63.3757
35122,114119,63.3757
56101,49696,59.3725
49696,56101,59.3725
61845,101937,65.8217
101937,61845,65.8217
73581,101343,67.0019
101343,73581,67.0019
118433,120087,63.2073
120087,118433,63.2073
118176,54282,63.9155
54282,118176,63.9155
95792,18007,58.0764
18007,95792,58.0764
51201,44407,78.9541
44407,51201,78.9541
41053,44406,56.6645
44406,41053,56.6645
85686,23480,54.0760
23480,85686,54.0760
70901,99861,55.0502
99861,70901,55.0502
112183,70520,64.7277
70520,112183,64.7277
56785,18007,60.3802
18007,56785,60.3802
68482,51315,64.9288
51315,68482,64.9288
74515,52090,66.9146
52090,74515,66.9146
70684,64279,74.8294
64279,70684,74.8294
10578,46041,65.4844
46041,10578,65.4844
29605,97331,62.2642
97331,29605,62.2642
71236,70190,74.1705
70190,71236,74.1705
103473,15235,60.4684
15235,103473,60.4684
88547,30654,69.3812
30654,88547,69.3812
57972,26677,76.9915
26677,57972,76.9915
104565,66714,70.3711
66714,104565,70.3711
97882,20898,61.4028
20898,97882,61.4028
14412,68079,76.9986
68079,14412,76.9986
112030,100642,77.8998
100642,112030,77.8998
69809,28209,55.3151
28209,69809,55.3151
94815,42342,61.2123
42342,94815,61.2123
58924,85308,67.3507
85308,58924,67.3507
94523,105983,74.4891
105983,94523,74.4891
57940,63592,78.5827
63592,57940,78.5827
11069,73858,73.1254
73858,11069,73.1254
83032,7309,57.2777
7309,83032,57.2777
52822,34638,64.7594
34638,52822,64.7594
12145,18172,70.8844
18172,12145,70.8844
66796,102119,69.0849
102119,66796,69.0849
71244,17956,71.1311
17956,71244,71.1311
60794,9358,63.6825
9358,60794,63.6825
71190,6374,53.8082
6374,71190,53.8082
14754,92143,76.0203
92143,14754,76.0203
32627,73686,76.0187
73686,32627,76.0187
32561,112929,54.9274
112929,32561,54.9274
70212,31210,58.4888
31210,70212,58.4888
64955,9803,74.6288
9803,64955,74.6288
69779,49852,73.0550
49852,69779,73.0550
60737,37737,69.7891
37737,60737,69.7891
61138,4546,76.0845
4546,61138,76.0845
62532,3446,55.7752
3446,62532,55.7752
89696,15094,58.3344
15094,89696,58.3344
46365,116097,73.8281
116097,46365,73.8281
115214,53019,69.1233
53019,115214,69.1233
3355,45153,58.8613
45153,3355,58.8613
52749,41374,76.9348
41374,52749,76.9348
112315,10071,57.2236
10071,112315,57.2236
84434,100935,67.2653
100935,84434,67.2653
69815,15743,58.5709
15743,69815,58.5709
83450,117483,71.3337
117483,83450,71.3337
29687,98236,57.1349
98236,29687,57.1349
30093,49908,58.3921
49908,30093,58.3921
55983,78229,54.4781
78229,55983,54.4781
46265,62231,67.1742
62231,46265,67.1742
4544,109926,60.6761
109926,4544,60.6761
38974,12120,70.8811
12120,38974,70.8811
63727,46041,70.7462
46041,63727,70.7462
16356,80138,53.2348
80138,16356,53.2348
69778,68887,58.1742
68887,69778,58.1742
52748,50357,76.4621
50357,52748,76.4621
66990,22510,65.9359
22510,66990,65.9359
29612,99952,73.0451
99952,29612,73.0451
106532,83037,77.9730
83037,106532,77.9730
39101,102252,69.2041
102252,39101,69.2041
60444,96562,65.8057
96562,60444,65.8057
59131,87407,77.4024
87407,59131,77.4024
64118,10238,57.9316
10238,64118,57.9316
68267,3686,66.6951
3686,68267,66.6951
84120,25352,63.5911
25352,84120,63.5911
76748,39031,65.9278
39031,76748,65.9278
86010,22662,72.3604
22662,86010,72.3604
103808,97953,59.1542
97953,103808,59.1542
30569,31065,75.8606
31065,30569,75.8606
62574,58638,63.5455
58638,62574,63.5455
81985,48420,60.5940
48420,81985,60.5940
42890,91672,53.4454
91672,42890,53.4454
42610,34638,76.5828
34638,42610,76.5828
103306,36944,76.4362
36944,103306,76.4362
79410,64476,71.0282
64476,79410,71.0282
66083,116085,61.8639
116085,66083,61.8639
73528,100602,76.0356
100602,73528,76.0356
66796,102109,65.1917
102109,66796,65.1917
32522,3319,74.5187
3319,32522,74.5187
65280,111537,66.8094
111537,65280,66.8094
58266,16825,63.4483
16825,58266,63.4483
32470,115372,65.5772
115372,32470,65.5772
58924,25789,78.5938
25789,58924,78.5938
14386,118661,66.0345
118661,14386,66.0345
58271,29430,53.1519
29430,58271,53.1519
6420,74645,64.3773
74645,6420,64.3773
63827,59694,61.7860
59694,63827,61.7860
32640,73872,62.0841
73872,32640,62.0841
90070,36938,60.2408
36938,90070,60.2408
101643,111063,74.4505
111063,101643,74.4505
34139,28028,70.3151
28028,34139,70.3151
57954,91564,56.7037
91564,57954,56.7037
67389,28610,63.4761
28610,67389,63.4761
37286,100969,63.9360
100969,37286,63.9360
43604,113057,60.1632
113057,43604,60.1632
72163,118762,69.0192
118762,72163,69.0192
106271,99737,60.3450
99737,106271,60.3450
91361,45173,71.4256
45173,91361,71.4256
93306,1980,57.2495
1980,93306,57.2495
59897,26624,60.8955
26624,59897,60.8955
120084,90709,66.3742
90709,120084,66.3742
948,42810,54.4899
42810,948,54.4899
50135,80865,60.9227
80865,50135,60.9227
47433,48851,78.5480
48851,47433,78.5480
71195,88066,69.8507
88066,71195,69.8507
104440,110286,73.8001
110286,104440,73.8001
115611,37615,58.9239
37615,115611,58.9239
31406,34288,74.1521
34288,31406,74.1521
86133,99691,64.5104
99691,86133,64.5104
59584,101017,78.5332
101017,59584,78.5332
52822,117354,57.1282
117354,52822,57.1282
103511,32059,65.1044
32059,103511,65.1044
81010,108566,64.6982
108566,81010,64.6982
56041,28547,56.3216
28547,56041,56.3216
96287,22396,67.9402
22396,96287,67.9402
41053,40132,58.5755
40132,41053,58.5755
55782,40341,76.6075
40341,55782,76.6075
35881,70457,77.7148
70457,35881,77.7148
112160,75520,60.4170
75520,112160,60.4170
104439,76810,64.3360
76810,104439,64.3360
85868,26757,70.7696
26757,85868,70.7696
113618,100619,57.1889
100619,113618,57.1889
70196,59839,76.5667
59839,70196,76.5667
59622,55374,75.5322
55374,59622,75.5322
61850,26127,74.5473
26127,61850,74.5473
12145,100581,64.9673
100581,12145,64.9673
96977,113183,76.8247
113183,96977,76.8247
66967,99864,62.5383
99864,66967,62.5383
83032,38644,67.5204
38644,83032,67.5204
64601,96139,55.1899
96139,64601,55.1899
72518,50809,62.2880
50809,72518,62.2880
91361,39528,53.6838
39528,91361,53.6838
47174,597,65.9458
597,47174,65.9458
63727,37760,77.1750
37760,63727,77.1750
76749,85381,74.2613
85381,76749,74.2613
101828,12959,55.8762
12959,101828,55.8762
60263,53598,72.3948
53598,60263,72.3948
80031,94267,55.5176
94267,80031,55.5176
91463,16170,71.1553
16170,91463,71.1553
62279,65234,56.2831
65234,62279,56.2831
73454,17698,63.3894
17698,73454,63.3894
100185,82595,69.4988
82595,100185,69.4988
48392,43894,77.0002
43894,48392,77.0002
59893,74996,76.7646
74996,59893,76.7646
103795,8001,74.9168
8001,103795,74.9168
37017,18651,78.8822
18651,37017,78.8822
78712,49709,76.5636
49709,78712,76.5636
29608,100726,71.2096
100726,29608,71.2096
84027,10238,57.6616
10238,84027,57.6616
58752,102376,58.4512
102376,58752,58.4512
106029,116217,52.9554
116217,106029,52.9554
5112,65235,65.9565
65235,5112,65.9565
65290,109149,64.3365
109149,65290,64.3365
98080,96653,69.5726
96653,98080,69.5726
4801,105396,56.7588
105396,4801,56.7588
101569,75635,77.6317
75635,101569,77.6317
72982,13446,66.3045
13446,72982,66.3045
58929,84425,75.1724
84425,58929,75.1724
69976,5470,57.6774
5470,69976,57.6774
69781,88223,67.7487
88223,69781,67.7487
63416,108750,64.9490
108750,63416,64.9490
4347,47673,78.9462
47673,4347,78.9462
112183,74462,56.2280
74462,112183,56.2280
44988,34615,67.8298
34615,44988,67.8298
68055,39765,63.8719
39765,68055,63.8719
103170,85982,63.5700
85982,103170,63.5700
56338,16452,52.7393
16452,56338,52.7393
66105,24506,64.5882
24506,66105,64.5882
103916,45812,75.3332
45812,103916,75.3332
60983,13806,64.1163
13806,60983,64.1163
73757,32085,54.5282
32085,73757,54.5282
30272,99631,57.5569
99631,30272,57.5569
57268,101301,68.1780
101301,57268,68.1780
68058,46941,76.2494
46941,68058,76.2494
67975,22972,75.4860
22972,67975,75.4860
101730,100561,54.8216
100561,101730,54.8216
79979,96140,57.8323
96140,79979,57.8323
67945,41977,62.4951
41977,67945,62.4951
80511,89516,76.6756
89516,80511,76.6756
54870,93659,66.8807
93659,54870,66.8807
67946,29169,64.5556
29169,67946,64.5556
88781,60370,61.2443
60370,88781,61.2443
101760,24080,69.5481
24080,101760,69.5481
85700,11449,59.7759
11449,85700,59.7759
62665,99725,64.3466
99725,62665,64.3466
60737,28574,55.0876
28574,60737,55.0876
62466,114149,70.0323
114149,62466,70.0323
40739,2055,65.4615
2055,40739,65.4615
73528,10840,73.8500
10840,73528,73.8500
69856,78335,58.3057
78335,69856,58.3057
78209,56188,54.7483
56188,78209,54.7483
63980,111617,73.3586
111617,63980,73.3586
90608,100952,70.9875
100952,90608,70.9875
76218,82408,68.0969
82408,76218,68.0969
59821,75882,56.1006
75882,59821,56.1006
11494,87715,70.1091
87715,11494,70.1091
11069,89278,68.4226
89278,11069,68.4226
14475,15300,64.6656
15300,14475,64.6656
70003,29970,58.0914
29970,70003,58.0914
16699,117013,73.0544
117013,16699,73.0544
74618,102546,60.5145
102546,74618,60.5145
56577,82503,56.0258
82503,56577,56.0258
92981,38779,76.0229
38779,92981,76.0229
51201,37138,57.7971
37138,51201,57.7971
9182,28436,55.8070
28436,9182,55.8070
84027,102120,78.3962
102120,84027,78.3962
103810,18870,74.7545
18870,103810,74.7545
12145,15846,58.2288
15846,12145,58.2288
37281,15243,63.2836
15243,37281,63.2836
76354,78335,74.5043
78335,76354,74.5043
104164,86776,71.0806
86776,104164,71.0806
18690,3493,68.2814
3493,18690,68.2814
51433,92968,70.2508
92968,51433,70.2508
58948,119185,65.5419
119185,58948,65.5419
39404,43904,55.4430
43904,39404,55.4430
47343,49924,59.9049
49924,47343,59.9049
59547,16355,77.4500
16355,59547,77.4500
14332,102188,58.9503
102188,14332,58.9503
8660,58639,60.9101
58639,8660,60.9101
65399,101944,77.9270
101944,65399,77.9270
54268,30403,55.7221
30403,54268,55.7221
103302,27105,77.9516
27105,103302,77.9516
67973,109777,64.4695
109777,67973,64.4695
100077,41430,75.9091
41430,100077,75.9091
76398,94177,73.2864
94177,76398,73.2864
91006,30568,72.9875
30568,91006,72.9875
94543,119254,77.4157
119254,94543,77.4157
64792,9682,66.6421
9682,64792,66.6421
91318,119396,75.9025
119396,91318,75.9025
59584,50149,68.1005
50149,59584,68.1005
103508,100452,73.5031
100452,103508,73.5031
116917,113132,65.7821
113132,116917,65.7821
69705,95685,75.0979
95685,69705,75.0979
56441,32493,53.3691
32493,56441,53.3691
63766,23713,64.5689
23713,63766,64.5689
63062,102546,60.7775
102546,63062,60.7775
89587,3105,73.8662
3105,89587,73.8662
63766,70546,70.3122
70546,63766,70.3122
50419,43995,71.6883
43995,50419,71.6883
97915,86056,53.1411
86056,97915,53.1411
63746,111262,74.8442
111262,63746,74.8442
92981,111272,71.8129
111272,92981,71.8129
45520,101116,66.1879
101116,45520,66.1879
80192,110152,71.2154
110152,80192,71.2154
103508,58652,69.2297
58652,103508,69.2297
60521,62268,65.1231
62268,60521,65.1231
116907,100759,53.9211
100759,116907,53.9211
59729,86976,73.2457
86976,59729,73.2457
59042,100568,53.5364
100568,59042,53.5364
69723,61480,66.4266
61480,69723,66.4266
52368,102317,57.3494
102317,52368,57.3494
103759,30427,69.8351
30427,103759,69.8351
90984,50854,67.0819
50854,90984,67.0819
44606,3231,67.4621
3231,44606,67.4621
106532,64217,71.2124
64217,106532,71.2124
67389,93943,68.0845
93943,67389,68.0845
67973,580,77.2573
580,67973,77.2573
73421,27123,58.7576
27123,73421,58.7576
62530,16159,64.0097
16159,62530,64.0097
66990,75277,74.1029
75277,66990,74.1029
71545,102311,60.0093
102311,71545,60.0093
68719,105503,59.2615
105503,68719,59.2615
113235,17249,55.3788
17249,113235,55.3788
75125,100839,53.7774
100839,75125,53.7774
73189,14390,57.3494
14390,73189,57.3494
29037,117494,67.3650
117494,29037,67.3650
14461,57386,60.6275
57386,14461,60.6275
71328,100452,65.6456
100452,71328,65.6456
103175,62215,63.4723
62215,103175,63.4723
62455,96612,54.7642
96612,62455,54.7642
85295,116033,59.3810
116033,85295,59.3810
103428,91042,61.0585
91042,103428,61.0585
30280,100693,65.1341
100693,30280,65.1341
101641,110008,73.8081
110008,101641,73.8081
103229,18172,75.3024
18172,103229,75.3024
11206,56015,74.7338
56015,11206,74.7338
112249,92020,58.2028
92020,112249,58.2028
46365,57206,64.8027
57206,46365,64.8027
3355,92440,77.1005
92440,3355,77.1005
59744,62244,56.8124
62244,59744,56.8124
72159,64561,75.7495
64561,72159,75.7495
44606,91703,73.4617
91703,44606,73.4617
37092,62433,66.9327
62433,37092,66.9327
94569,105092,78.7962
105092,94569,78.7962
6020,53598,68.3515
53598,6020,68.3515
50224,96057,61.0023
96057,50224,61.0023
79875,80796,63.2330
80796,79875,63.2330
14309,69013,68.4217
69013,14309,68.4217
103797,62106,77.6239
62106,103797,77.6239
52368,105646,59.2414
105646,52368,59.2414
54593,3427,66.8799
3427,54593,66.8799
63062,36545,67.2088
36545,63062,67.2088
68638,102112,62.3655
102112,68638,62.3655
4081,69945,62.9232
69945,4081,62.9232
12783,112682,76.3333
112682,12783,76.3333
63303,44305,63.0317
44305,63303,63.0317
113167,108223,69.8919
108223,113167,69.8919
64196,3894,71.5458
3894,64196,71.5458
89050,53617,66.7283
53617,89050,66.7283
13726,74299,62.7254
74299,13726,62.7254
63939,113417,67.7701
113417,63939,67.7701
91834,52230,68.1608
52230,91834,68.1608
29700,58131,56.2030
58131,29700,56.2030
81985,87888,65.0206
87888,81985,65.0206
66075,101062,72.1719
101062,66075,72.1719
58228,3231,59.5654
3231,58228,59.5654
29608,90654,73.8859
90654,29608,73.8859
31480,52028,60.0279
52028,31480,60.0279
98005,99974,55.7171
99974,98005,55.7171
32522,56341,63.9191
56341,32522,63.9191
29612,1843,76.3437
1843,29612,76.3437
101807,53157,70.8686
53157,101807,70.8686
44607,102317,77.4281
102317,44607,77.4281
103924,107427,63.5586
107427,103924,63.5586
103970,83767,53.4892
83767,103970,53.4892
64068,28574,67.1451
28574,64068,67.1451
65511,120297,66.5942
120297,65511,66.5942
30571,83492,63.3706
83492,30571,63.3706
76218,99726,70.0354
99726,76218,70.0354
32265,116979,73.8262
116979,32265,73.8262
78832,81812,55.4382
81812,78832,55.4382
103332,90894,64.3268
90894,103332,64.3268
89582,35704,60.4112
35704,89582,60.4112
93426,90008,70.4514
90008,93426,70.4514
11388,24791,53.1859
24791,11388,53.1859
84410,40125,70.6779
40125,84410,70.6779
62450,21660,70.0440
21660,62450,70.0440
110074,86326,69.8972
86326,110074,69.8972
48383,116959,72.5363
116959,48383,72.5363
48383,17249,57.2822
17249,48383,57.2822
68523,3752,53.6634
3752,68523,53.6634
62655,99797,68.1586
99797,62655,68.1586
100123,38770,62.1887
38770,100123,62.1887
63013,116162,54.6838
116162,63013,54.6838
50278,10714,67.0304
10714,50278,67.0304
70946,61452,60.0931
61452,70946,60.0931
101805,58351,72.7353
58351,101805,72.7353
6442,29970,74.3323
29970,6442,74.3323
101761,41669,57.3950
41669,101761,57.3950
47332,81608,57.6955
81608,47332,57.6955
93284,97132,66.9195
97132,93284,66.9195
79988,112862,75.0057
112862,79988,75.0057
50443,53481,64.7688
53481,50443,64.7688
8726,8430,57.9771
8430,8726,57.9771
66107,102093,67.8155
102093,66107,67.8155
72731,9088,54.5495
9088,72731,54.5495
57947,88315,71.4339
88315,57947,71.4339
8861,108566,53.0524
108566,8861,53.0524
69724,5257,55.1726
5257,69724,55.1726
59288,117388,67.0624
117388,59288,67.0624
66488,99754,54.7825
99754,66488,54.7825
104330,82604,78.4953
82604,104330,78.4953
103306,117126,69.8050
117126,103306,69.8050
103274,40998,66.0670
40998,103274,66.0670
103175,48186,78.9150
48186,103175,78.9150
48245,73323,59.9704
73323,48245,59.9704
71579,26576,74.6577
26576,71579,74.6577
92981,106650,57.6516
106650,92981,57.6516
80511,117468,77.3787
117468,80511,77.3787
103802,105908,62.5576
105908,103802,62.5576
39294,116176,74.5546
116176,39294,74.5546
59475,46135,58.2392
46135,59475,58.2392
100437,113132,76.7479
113132,100437,76.7479
59584,106785,65.0450
106785,59584,65.0450
63418,55237,62.8652
55237,63418,62.8652
12545,42952,64.6911
42952,12545,64.6911
71158,65381,67.7826
65381,71158,67.7826
114108,31875,59.8401
31875,114108,59.8401
56906,58299,70.6842
58299,56906,70.6842
80179,89378,56.5587
89378,80179,56.5587
101804,86332,78.9434
86332,101804,78.9434
78832,108223,58.8564
108223,78832,58.8564
57541,74377,76.8183
74377,57541,76.8183
114555,91042,69.3351
91042,114555,69.3351
67303,54120,63.2787
54120,67303,63.2787
111165,49731,54.4296
49731,111165,54.4296
97392,23523,71.5905
23523,97392,71.5905
95199,11852,53.4775
11852,95199,53.4775
69810,19423,59.6024
19423,69810,59.6024
30789,90410,64.8262
90410,30789,64.8262
66107,83016,63.2749
83016,66107,63.2749
59722,28764,60.3418
28764,59722,60.3418
72911,10340,64.5831
10340,72911,64.5831
30571,41137,65.8851
41137,30571,65.8851
10578,51055,68.4507
51055,10578,68.4507
26172,98683,64.6863
98683,26172,64.6863
62998,5890,63.9671
5890,62998,63.9671
84120,24538,78.8899
24538,84120,78.8899
70684,23713,72.8061
23713,70684,72.8061
56337,17992,61.1019
17992,56337,61.1019
4799,42338,67.1473
42338,4799,67.1473
73808,53617,61.5882
53617,73808,61.5882
11190,31875,72.1614
31875,11190,72.1614
17775,82503,60.0190
82503,17775,60.0190
90108,90997,68.5659
90997,90108,68.5659
58292,112281,77.8866
112281,58292,77.8866
52822,5921,54.4533
5921,52822,54.4533
117429,36576,59.6447
36576,117429,59.6447
20886,51243,71.4497
51243,20886,71.4497
66662,86345,53.0428
86345,66662,53.0428
98565,83586,73.0612
83586,98565,73.0612
90311,101937,71.7742
101937,90311,71.7742
52054,71267,68.6426
71267,52054,68.6426
103811,25736,67.6959
25736,103811,67.6959
56812,31210,54.8541
31210,56812,54.8541
56441,108801,60.8790
108801,56441,60.8790
95649,16230,64.2402
16230,95649,64.2402
69270,119653,70.6824
119653,69270,70.6824
60263,110638,70.8858
110638,60263,70.8858
93171,52412,76.1563
52412,93171,76.1563
68051,58886,71.3454
58886,68051,71.3454
60696,46493,76.1327
46493,60696,76.1327
105434,106464,78.0147
106464,105434,78.0147
83210,96105,57.8875
96105,83210,57.8875
97915,52535,59.7664
52535,97915,59.7664
56116,93524,64.8012
93524,56116,64.8012
79787,62244,56.7995
62244,79787,56.7995
103329,86658,55.4643
86658,103329,55.4643
97792,119935,55.2987
119935,97792,55.2987
76745,23921,72.2782
23921,76745,72.2782
56920,89386,78.0336
89386,56920,78.0336
73364,93806,61.4360
93806,73364,61.4360
118969,110755,57.0660
110755,118969,57.0660
116916,111830,67.2723
111830,116916,67.2723
84433,26513,58.0586
26513,84433,58.0586
92807,30846,76.8640
30846,92807,76.8640
424,68106,60.4736
68106,424,60.4736
76340,58283,59.6382
58283,76340,59.6382
44607,102845,75.5607
102845,44607,75.5607
90311,100965,68.6237
100965,90311,68.6237
70890,101343,56.4768
101343,70890,56.4768
66662,112937,57.9727
112937,66662,57.9727
80741,120668,77.0887
120668,80741,77.0887
116909,111086,55.2362
111086,116909,55.2362
11388,42853,65.5887
42853,11388,65.5887
75125,115365,67.3530
115365,75125,67.3530
59532,94430,64.4431
94430,59532,64.4431
115470,100002,74.3492
100002,115470,74.3492
60083,1034,61.7408
1034,60083,61.7408
52492,66750,78.8329
66750,52492,78.8329
6420,114566,57.2027
114566,6420,57.2027
60811,63885,62.5167
63885,60811,62.5167
91463,25897,64.3582
25897,91463,64.3582
63727,52535,53.6648
52535,63727,53.6648
53371,11559,52.7492
11559,53371,52.7492
42175,64476,74.3143
64476,42175,74.3143
86010,49480,65.7779
49480,86010,65.7779
103175,3091,67.3348
3091,103175,67.3348
67945,98161,63.8965
98161,67945,63.8965
46126,25965,58.7208
25965,46126,58.7208
101509,46897,72.6655
46897,101509,72.6655
59584,74462,58.2321
74462,59584,58.2321
60263,68976,63.1813
68976,60263,63.1813
47606,31549,63.4939
31549,47606,63.4939
55031,105380,66.1942
105380,55031,66.1942
64184,57293,71.2140
57293,64184,71.2140
81010,93025,73.1494
93025,81010,73.1494
101514,102255,60.9923
102255,101514,60.9923
13988,21385,63.1031
21385,13988,63.1031
59719,86279,74.2994
86279,59719,74.2994
47806,88353,68.0427
88353,47806,68.0427
63749,3748,52.8531
3748,63749,52.8531
101835,52321,76.6811
52321,101835,76.6811
12215,101049,65.4961
101049,12215,65.4961
72622,8601,77.7537
8601,72622,77.7537
104328,99701,62.1898
99701,104328,62.1898
64613,99823,76.9997
99823,64613,76.9997
71244,25393,60.9519
25393,71244,60.9519
112282,101119,70.8138
101119,112282,70.8138
50423,111252,67.7557
111252,50423,67.7557
89366,83544,59.5440
83544,89366,59.5440
67664,4894,75.1233
4894,67664,75.1233
104410,88068,60.5392
88068,104410,60.5392
59629,1034,72.3287
1034,59629,72.3287
66544,113649,74.5245
113649,66544,74.5245
68642,46092,76.2369
46092,68642,76.2369
62890,2508,56.3990
2508,62890,56.3990
49646,51663,59.3249
51663,49646,59.3249
56190,14324,64.0719
14324,56190,64.0719
58192,95327,65.0643
95327,58192,65.0643
68523,15998,73.9880
15998,68523,73.9880
15381,18902,72.5352
18902,15381,72.5352
63766,47233,60.6820
47233,63766,60.6820
63706,33992,68.5106
33992,63706,68.5106
63062,3528,68.4960
3528,63062,68.4960
14309,7892,63.8456
7892,14309,63.8456
100437,26897,60.4027
26897,100437,60.4027
63728,73954,76.2980
73954,63728,76.2980
51739,17297,78.2673
17297,51739,78.2673
56441,40750,69.7015
40750,56441,69.7015
63750,108258,60.9016
108258,63750,60.9016
61260,30466,55.1912
30466,61260,55.1912
98346,66714,54.3541
66714,98346,54.3541
103471,51426,76.3162
51426,103471,76.3162
66233,118565,78.6727
118565,66233,78.6727
94814,101865,70.1585
101865,94814,70.1585
71592,72499,63.2421
72499,71592,63.2421
87995,25316,59.8999
25316,87995,59.8999
78832,107259,76.4937
107259,78832,76.4937
116633,99791,67.5527
99791,116633,67.5527
6288,34967,75.0613
34967,6288,75.0613
59873,109331,64.0082
109331,59873,64.0082
51680,12103,60.1381
12103,51680,60.1381
76745,87545,74.6680
87545,76745,74.6680
72529,100591,73.4604
100591,72529,73.4604
22181,16229,70.3720
16229,22181,70.3720
30060,26624,64.2046
26624,30060,64.2046
73421,55824,69.8351
55824,73421,69.8351
60677,16306,54.6810
16306,60677,54.6810
90091,100008,69.5551
100008,90091,69.5551
35911,96125,60.9538
96125,35911,60.9538
70685,88812,65.2271
88812,70685,65.2271
101567,10384,57.6294
10384,101567,57.6294
103306,108255,69.7941
108255,103306,69.7941
101832,28610,67.1925
28610,101832,67.1925
79255,10856,58.3585
10856,79255,58.3585
76817,102090,71.7453
102090,76817,71.7453
47174,17314,70.3966
17314,47174,70.3966
65366,5180,56.2086
5180,65366,56.2086
36878,98127,54.6091
98127,36878,54.6091
65351,99685,75.5930
99685,65351,75.5930
118941,93507,64.8017
93507,118941,64.8017
32640,14054,63.4584
14054,32640,63.4584
41857,105232,65.7059
105232,41857,65.7059
107913,84427,65.9495
84427,107913,65.9495
103810,117154,76.8948
117154,103810,76.8948
116691,35606,56.7537
35606,116691,56.7537
85124,86342,68.3556
86342,85124,68.3556
101554,15558,58.4610
15558,101554,58.4610
62031,78876,77.1195
78876,62031,77.1195
35881,117771,53.5469
117771,35881,53.5469
111626,99669,76.6755
99669,111626,76.6755
114592,42600,64.2270
42600,114592,64.2270
89103,83934,70.4925
83934,89103,70.4925
61850,32351,73.5868
32351,61850,73.5868
55563,7851,69.1023
7851,55563,69.1023
106368,94354,55.5905
94354,106368,55.5905
66514,55219,74.9628
55219,66514,74.9628
55876,42342,67.1798
42342,55876,67.1798
101828,1843,63.0760
1843,101828,63.0760
63827,107266,53.2518
107266,63827,53.2518
64087,74444,75.8529
74444,64087,75.8529
67664,40400,70.1184
40400,67664,70.1184
51433,78296,76.9218
78296,51433,76.9218
14386,91349,69.1735
91349,14386,69.1735
60751,1390,57.3520
1390,60751,57.3520
44607,118880,71.8194
118880,44607,71.8194
63750,54296,77.7570
54296,63750,77.7570
48383,11771,56.8376
11771,48383,56.8376
10578,86255,62.3193
86255,10578,62.3193
69710,40439,63.1965
40439,69710,63.1965
91288,101937,71.3157
101937,91288,71.3157
29325,105749,58.3951
105749,29325,58.3951
68800,26334,71.4531
26334,68800,71.4531
60089,9895,75.5444
9895,60089,75.5444
30821,96378,69.8316
96378,30821,69.8316
14419,17949,72.3257
17949,14419,72.3257
110323,88388,65.5410
88388,110323,65.5410
71297,111849,72.1852
111849,71297,72.1852
104439,31564,53.4919
31564,104439,53.4919
48238,89177,78.1668
89177,48238,78.1668
52822,54296,53.3040
54296,52822,53.3040
67946,71730,65.6657
71730,67946,65.6657
5514,47925,60.2753
47925,5514,60.2753
112249,86804,72.7162
86804,112249,72.7162
66629,86521,75.3247
86521,66629,75.3247
29318,21260,69.0453
21260,29318,69.0453
105476,11590,58.8617
11590,105476,58.8617
54596,26108,60.5737
26108,54596,60.5737
116939,55895,71.6937
55895,116939,71.6937
119086,32072,53.0513
32072,119086,53.0513
14309,46012,73.2070
46012,14309,73.2070
59629,10294,58.8199
10294,59629,58.8199
4960,107710,54.0917
107710,4960,54.0917
57607,24918,69.2630
24918,57607,69.2630
90070,11471,65.9521
11471,90070,65.9521
45608,101194,70.1343
101194,45608,70.1343
101807,23450,70.5371
23450,101807,70.5371
110097,15744,65.2903
15744,110097,65.2903
72706,8435,57.2541
8435,72706,57.2541
103511,62282,78.0884
62282,103511,78.0884
66845,99780,62.0024
99780,66845,62.0024
68509,52104,58.7182
52104,68509,58.7182
69151,18007,57.1190
18007,69151,57.1190
118177,12947,65.1336
12947,118177,65.1336
64236,108030,64.2612
108030,64236,64.2612
94569,119254,59.3748
119254,94569,59.3748
12174,62765,70.0681
62765,12174,70.0681
54495,38999,63.1490
38999,54495,63.1490
62464,107324,60.7279
107324,62464,60.7279
61124,99723,66.5287
99723,61124,66.5287
89483,10719,55.2677
10719,89483,55.2677
92735,9241,71.3325
9241,92735,71.3325
111626,3348,53.5744
3348,111626,53.5744
29605,40341,68.0247
40341,29605,68.0247
59547,39403,60.8290
39403,59547,60.8290
63394,101920,59.9716
101920,63394,59.9716
61265,113447,55.3032
113447,61265,55.3032
111722,16340,76.6287
16340,111722,76.6287
36878,25303,75.1185
25303,36878,75.1185
64955,58401,55.7920
58401,64955,55.7920
115621,119224,67.4195
119224,115621,67.4195
115214,27865,74.0900
27865,115214,74.0900
103304,28708,68.7616
28708,103304,68.7616
8359,96587,71.4224
96587,8359,71.4224
62013,110910,75.3082
110910,62013,75.3082
60926,34164,72.6242
34164,60926,72.6242
11188,99634,78.6212
99634,11188,78.6212
68756,15544,66.2827
15544,68756,66.2827
63728,41669,62.5333
41669,63728,62.5333
59719,37900,63.6647
37900,59719,63.6647
58460,39527,70.9443
39527,58460,70.9443
70688,48934,74.4059
48934,70688,74.4059
75252,64275,65.1017
64275,75252,65.1017
58233,7527,75.0176
7527,58233,75.0176
60667,65381,61.8587
65381,60667,61.8587
88625,74462,59.1084
74462,88625,59.1084
88991,22661,59.6162
22661,88991,59.6162
44606,107259,76.7209
107259,44606,76.7209
119694,101914,67.6406
101914,119694,67.6406
113213,22602,60.6427
22602,113213,60.6427
67946,72238,74.7323
72238,67946,74.7323
14332,17479,60.0927
17479,14332,60.0927
116917,23713,69.9182
23713,116917,69.9182
96977,6205,75.7119
6205,96977,75.7119
71294,93413,60.9518
93413,71294,60.9518
89367,34315,64.0218
34315,89367,64.0218
32691,98127,58.4202
98127,32691,58.4202
67973,82010,61.5991
82010,67973,61.5991
72301,64577,57.7251
64577,72301,57.7251
88089,38999,54.2249
38999,88089,54.2249
111609,23549,61.3733
23549,111609,61.3733
116908,112036,72.4639
112036,116908,72.4639
46568,104688,78.5624
104688,46568,78.5624
58752,101755,74.3509
101755,58752,74.3509
13987,50913,55.4525
50913,13987,55.4525
61845,54314,74.2105
54314,61845,74.2105
85419,100032,65.9465
100032,85419,65.9465
103174,45922,68.5030
45922,103174,68.5030
114592,92448,65.1122
92448,114592,65.1122
73493,37615,63.6890
37615,73493,63.6890
51532,99712,67.8025
99712,51532,67.8025
60739,47229,52.6713
47229,60739,52.6713
53890,100089,61.0178
100089,53890,61.0178
116308,90468,74.0478
90468,116308,74.0478
84439,65381,74.0214
65381,84439,74.0214
101569,102251,75.3065
102251,101569,75.3065
48245,74263,68.4184
74263,48245,68.4184
92807,108904,52.7917
108904,92807,52.7917
72337,47777,53.6433
47777,72337,53.6433
11523,116933,78.6106
116933,11523,78.6106
1970,36858,70.8785
36858,1970,70.8785
58563,116152,54.2020
116152,58563,54.2020
73493,74913,58.8616
74913,73493,58.8616
60955,13465,63.8176
13465,60955,63.8176
59282,45111,56.2469
45111,59282,56.2469
58752,38532,63.2195
38532,58752,63.2195
82886,69072,71.2927
69072,82886,71.2927
14757,73323,69.9174
73323,14757,69.9174
14883,49501,77.4403
49501,14883,77.4403
83170,100952,53.0241
100952,83170,53.0241
50299,15415,64.7124
15415,50299,64.7124
73069,1477,69.8647
1477,73069,69.8647
9409,35122,59.9664
35122,9409,59.9664
84118,10714,70.7302
10714,84118,70.7302
106532,99651,64.6791
99651,106532,64.6791
47332,9044,54.0388
9044,47332,54.0388
60083,23713,78.1717
23713,60083,78.1717
87100,28385,69.7660
28385,87100,69.7660
62530,90834,71.7448
90834,62530,71.7448
57572,111848,54.5560
111848,57572,54.5560
63746,35120,64.0224
35120,63746,64.0224
50278,7626,78.9618
7626,50278,78.9618
63766,72261,58.3452
72261,63766,58.3452
83088,69306,55.7182
69306,83088,55.7182
76225,16159,58.9267
16159,76225,58.9267
111663,31170,67.3008
31170,111663,67.3008
37876,21260,69.4693
21260,37876,69.4693
76817,68270,68.0833
68270,76817,68.0833
59177,82488,68.6805
82488,59177,68.6805
70897,117503,54.2501
117503,70897,54.2501
103304,59344,74.0181
59344,103304,74.0181
106369,84717,53.0908
84717,106369,53.0908
71424,107041,55.3571
107041,71424,55.3571
61917,105726,58.6922
105726,61917,58.6922
67975,99850,61.3747
99850,67975,61.3747
103750,92045,70.2753
92045,103750,70.2753
89021,46012,65.4916
46012,89021,65.4916
58233,99902,54.1481
99902,58233,54.1481
12215,42314,58.2337
42314,12215,58.2337
92703,44497,63.5925
44497,92703,63.5925
29696,99923,68.4949
99923,29696,68.4949
54596,114149,55.6273
114149,54596,55.6273
63980,99738,71.9818
99738,63980,71.9818
52054,55714,75.8747
55714,52054,75.8747
64981,40020,69.3100
40020,64981,69.3100
79925,74645,59.3663
74645,79925,59.3663
56471,109850,53.7972
109850,56471,53.7972
50278,40487,62.9256
40487,50278,62.9256
64118,9682,71.2053
9682,64118,71.2053
31200,48808,78.3694
48808,31200,78.3694
114331,106758,77.2808
106758,114331,77.2808
52668,43262,53.4392
43262,52668,53.4392
114147,88638,73.1008
88638,114147,73.1008
97338,7672,76.9194
7672,97338,76.9194
59893,37797,57.1048
37797,59893,57.1048
10578,40481,66.3454
40481,10578,66.3454
46170,18526,73.5828
18526,46170,73.5828
87880,34164,58.7023
34164,87880,58.7023
65066,7317,77.1900
7317,65066,77.1900
112278,93806,57.5698
93806,112278,57.5698
64613,111075,63.2698
111075,64613,63.2698
71236,87163,61.6764
87163,71236,61.6764
106369,39691,77.3460
39691,106369,77.3460
60430,87384,69.2712
87384,60430,69.2712
56860,113318,67.8420
113318,56860,67.8420
106368,77762,76.6103
77762,106368,76.6103
91463,3613,68.6955
3613,91463,68.6955
60263,81760,74.8931
81760,60263,74.8931
65215,110322,61.4277
110322,65215,61.4277
15025,74795,56.9735
74795,15025,56.9735
57941,72895,62.7159
72895,57941,62.7159
70684,94867,64.1759
94867,70684,64.1759
37838,60039,70.2657
60039,37838,70.2657
84439,114022,58.3404
114022,84439,58.3404
65280,74644,53.7487
74644,65280,53.7487
68775,34967,63.6204
34967,68775,63.6204
71343,37048,74.9505
37048,71343,74.9505
51735,110755,65.6505
110755,51735,65.6505
39332,29430,74.0835
29430,39332,74.0835
69795,116973,77.4098
116973,69795,77.4098
32640,64574,52.9690
64574,32640,52.9690
114625,6755,55.3936
6755,114625,55.3936
78990,48992,77.8766
48992,78990,77.8766
45788,53296,78.8661
53296,45788,78.8661
116308,40286,63.7678
40286,116308,63.7678
71348,44882,53.7539
44882,71348,53.7539
91652,105304,55.9120
105304,91652,55.9120
58512,90570,77.0158
90570,58512,77.0158
78033,15504,77.8525
15504,78033,77.8525
62460,42315,68.0853
42315,62460,68.0853
90608,111262,75.0346
111262,90608,75.0346
48245,40132,52.9093
40132,48245,52.9093
32691,94257,61.2971
94257,32691,61.2971
59587,34538,58.8245
34538,59587,58.8245
89367,102211,72.8925
102211,89367,72.8925
8451,39318,67.0778
39318,8451,67.0778
68638,63885,78.2406
63885,68638,78.2406
66948,62215,65.4957
62215,66948,65.4957
64087,22493,61.5344
22493,64087,61.5344
51758,80141,78.3410
80141,51758,78.3410
113946,92758,62.4948
92758,113946,62.4948
82886,88068,63.8833
88068,82886,63.8833
78832,56220,61.9461
56220,78832,61.9461
106892,24374,75.4256
24374,106892,75.4256
118944,55727,78.6372
55727,118944,78.6372
14288,28548,56.0342
28548,14288,56.0342
86835,56015,78.0559
56015,86835,78.0559
112183,40998,60.9673
40998,112183,60.9673
68784,21725,69.9092
21725,68784,69.9092
36878,73057,56.8755
73057,36878,56.8755
71579,99953,72.8260
99953,71579,72.8260
32315,13062,69.4827
13062,32315,69.4827
84987,32350,69.6095
32350,84987,69.6095
36440,107336,68.1305
107336,36440,68.1305
101510,31519,57.3165
31519,101510,57.3165
103306,86658,73.4517
86658,103306,73.4517
14418,92930,56.7131
92930,14418,56.7131
79988,43477,61.9555
43477,79988,61.9555
90954,106464,55.1167
106464,90954,55.1167
69710,37135,66.7906
37135,69710,66.7906
30594,7995,67.0679
7995,30594,67.0679
115621,110983,69.6888
110983,115621,69.6888
64005,62441,72.6388
62441,64005,72.6388
42113,99874,54.1113
99874,42113,54.1113
58241,2074,65.0142
2074,58241,65.0142
67655,107180,63.6758
107180,67655,63.6758
72911,115877,74.7085
115877,72911,74.7085
10918,104709,78.8246
104709,10918,78.8246
103801,44022,53.7828
44022,103801,53.7828
69935,29124,63.0803
29124,69935,63.0803
73142,110983,78.0580
110983,73142,78.0580
111708,102142,57.1978
102142,111708,57.1978
39332,12895,66.3295
12895,39332,66.3295
83168,64570,66.6635
64570,83168,66.6635
100124,100939,63.2558
100939,100124,63.2558
30952,44071,69.0294
44071,30952,69.0294
54664,97505,73.8246
97505,54664,73.8246
68387,10602,62.6556
10602,68387,62.6556
30629,5166,74.9211
5166,30629,74.9211
61260,3091,56.7726
3091,61260,56.7726
73361,24080,70.1053
24080,73361,70.1053
110395,99712,75.8811
99712,110395,75.8811
8861,80888,68.9243
80888,8861,68.9243
67141,1549,73.9588
1549,67141,73.9588
63736,99979,70.6235
99979,63736,70.6235
93120,9599,57.3358
9599,93120,57.3358
85420,102832,75.6484
102832,85420,75.6484
56906,37141,66.0489
37141,56906,66.0489
51583,62836,74.6247
62836,51583,74.6247
41343,112429,56.1541
112429,41343,56.1541
91450,23396,78.4594
23396,91450,78.4594
70684,90843,72.4286
90843,70684,72.4286
69494,111503,62.8590
111503,69494,62.8590
98212,56950,72.0689
56950,98212,72.0689
73069,15265,74.6876
15265,73069,74.6876
103793,91703,76.7922
91703,103793,76.7922
68032,107393,55.7177
107393,68032,55.7177
101485,41901,61.3290
41901,101485,61.3290
72164,95385,53.0536
95385,72164,53.0536
21311,94405,53.1657
94405,21311,53.1657
51520,50149,54.3697
50149,51520,54.3697
58285,92191,71.5549
92191,58285,71.5549
63303,89158,73.2937
89158,63303,73.2937
86409,59959,62.0034
59959,86409,62.0034
73094,99950,52.7386
99950,73094,52.7386
71111,289,70.5995
289,71111,70.5995
71297,58652,55.7769
58652,71297,55.7769
87874,28497,54.7991
28497,87874,54.7991
30355,107114,71.3349
107114,30355,71.3349
104330,116800,76.4369
116800,104330,76.4369
60466,108547,63.8342
108547,60466,63.8342
88435,68250,53.9980
68250,88435,53.9980
39380,39088,58.5710
39088,39380,58.5710
60327,113405,63.1933
113405,60327,63.1933
60577,61907,70.6836
61907,60577,70.6836
100182,9334,54.3368
9334,100182,54.3368
65514,99709,77.2269
99709,65514,77.2269
71195,99631,58.4472
99631,71195,58.4472
79479,61193,60.0260
61193,79479,60.0260
20886,30447,67.7918
30447,20886,67.7918
101556,119332,78.7379
119332,101556,78.7379
103226,77814,56.4882
77814,103226,56.4882
29075,108013,75.3431
108013,29075,75.3431
55571,117119,60.2940
117119,55571,60.2940
425,115506,68.9429
115506,425,68.9429
72837,32423,61.6606
32423,72837,61.6606
59175,92959,75.3916
92959,59175,75.3916
73154,62231,58.2432
62231,73154,58.2432
79255,72665,64.4530
72665,79255,64.4530
72482,99830,62.7610
99830,72482,62.7610
59812,135,61.2118
135,59812,61.2118
58233,15453,56.0430
15453,58233,56.0430
55031,64550,64.3936
64550,55031,64.3936
62915,31317,66.4444
31317,62915,66.4444
72731,118661,77.7546
118661,72731,77.7546
62915,8191,65.7215
8191,62915,65.7215
66544,91230,76.9710
91230,66544,76.9710
56485,52163,71.6582
52163,56485,71.6582
57340,32772,55.7358
32772,57340,55.7358
59483,9659,71.5517
9659,59483,71.5517
59587,21408,58.6024
21408,59587,58.6024
103302,15440,56.2249
15440,103302,56.2249
75511,83035,67.7997
83035,75511,67.7997
48610,89341,78.8852
89341,48610,78.8852
54858,55910,53.1935
55910,54858,53.1935
111226,24918,56.1757
24918,111226,56.1757
59177,112097,78.7756
112097,59177,78.7756
47174,22260,64.8056
22260,47174,64.8056
70942,10384,68.4974
10384,70942,68.4974
67988,96105,55.5338
96105,67988,55.5338
30150,16037,55.4885
16037,30150,55.4885
14830,44406,57.1831
44406,14830,57.1831
60427,117721,58.8689
117721,60427,58.8689
11065,41451,59.4636
41451,11065,59.4636
66967,109348,61.9821
109348,66967,61.9821
42161,116173,67.5064
116173,42161,67.5064
45727,53946,78.3654
53946,45727,78.3654
54479,95565,70.6620
95565,54479,70.6620
58595,47324,58.0081
47324,58595,58.0081
76224,37615,77.3762
37615,76224,77.3762
87880,100966,78.5795
100966,87880,78.5795
32315,115670,61.4623
115670,32315,61.4623
116917,26102,56.4459
26102,116917,56.4459
68377,26102,69.4907
26102,68377,69.4907
83628,96289,63.0232
96289,83628,63.0232
92422,91881,57.1313
91881,92422,57.1313
94878,73749,73.5396
73749,94878,73.5396
115214,74299,71.2126
74299,115214,71.2126
32353,95850,61.1329
95850,32353,61.1329
78408,15088,60.3118
15088,78408,60.3118
58192,66714,53.9589
66714,58192,53.9589
90637,62228,55.2610
62228,90637,55.2610
57918,96612,77.4190
96612,57918,77.4190
98576,233,53.0395
233,98576,53.0395
57972,75277,66.3696
75277,57972,66.3696
42688,14766,66.8513
14766,42688,66.8513
101775,118227,74.1246
118227,101775,74.1246
103799,105281,58.4867
105281,103799,58.4867
78033,4951,78.8652
4951,78033,78.8652
62450,38562,64.8878
38562,62450,64.8878
85886,117475,66.0751
117475,85886,66.0751
51735,87960,71.9730
87960,51735,71.9730
103570,26893,53.6009
26893,103570,53.6009
68717,111075,77.6420
111075,68717,77.6420
70172,35873,64.5753
35873,70172,64.5753
47606,110992,57.1937
110992,47606,57.1937
71158,120087,72.6447
120087,71158,72.6447
56190,9942,76.7149
9942,56190,76.7149
65280,6749,78.9244
6749,65280,78.9244
69258,18804,73.3397
18804,69258,73.3397
118941,119202,69.6835
119202,118941,69.6835
85686,44474,52.9937
44474,85686,52.9937
66837,116627,54.0493
116627,66837,54.0493
73421,62215,62.2460
62215,73421,62.2460
79613,118128,65.8618
118128,79613,65.8618
80192,113405,74.2905
113405,80192,74.2905
83628,12975,71.2069
12975,83628,71.2069
98576,92090,64.8610
92090,98576,64.8610
14842,106323,56.1798
106323,14842,56.1798
69809,112288,58.8171
112288,69809,58.8171
58929,92036,62.8921
92036,58929,62.8921
61290,71287,66.4231
71287,61290,66.4231
14332,9154,54.2187
9154,14332,54.2187
42173,9682,57.5234
9682,42173,57.5234
74618,59959,58.5488
59959,74618,58.5488
83032,113089,66.0768
113089,83032,66.0768
54678,93591,57.2844
93591,54678,57.2844
73622,45766,52.7246
45766,73622,52.7246
55989,37187,61.4302
37187,55989,61.4302
14016,62240,67.3136
62240,14016,67.3136
58273,120720,55.4850
120720,58273,55.4850
120044,101016,63.0534
101016,120044,63.0534
116519,114905,73.4513
114905,116519,73.4513
54268,110960,63.6606
110960,54268,63.6606
14393,54252,71.2788
54252,14393,71.2788
79655,28764,68.5946
28764,79655,68.5946
69778,64275,72.9284
64275,69778,72.9284
13989,37362,68.5311
37362,13989,68.5311
14754,105122,53.6762
105122,14754,53.6762
5514,36497,74.4428
36497,5514,74.4428
114625,22583,65.2524
22583,114625,65.2524
30554,28822,67.9690
28822,30554,67.9690
112293,105645,78.6356
105645,112293,78.6356
9409,57226,75.3127
57226,9409,75.3127
70196,44568,63.9852
44568,70196,63.9852
71617,83444,62.8261
83444,71617,62.8261
105482,74777,74.8550
74777,105482,74.8550
94543,43270,74.3877
43270,94543,74.3877
59175,32085,57.5807
32085,59175,57.5807
45731,85823,77.0784
85823,45731,77.0784
59622,13466,74.2838
13466,59622,74.2838
60263,899,64.3623
899,60263,64.3623
47806,31610,55.0534
31610,47806,55.0534
55894,46423,78.3670
46423,55894,78.3670
52749,99636,70.6294
99636,52749,70.6294
103913,106422,68.3136
106422,103913,68.3136
103307,5746,73.7193
5746,103307,73.7193
5574,112683,62.5685
112683,5574,62.5685
92678,26581,67.6440
26581,92678,67.6440
6442,6205,76.1600
6205,6442,76.1600
112315,99771,76.4656
99771,112315,76.4656
82886,113648,61.4473
113648,82886,61.4473
47528,9447,75.9726
9447,47528,75.9726
96287,118635,52.8218
118635,96287,52.8218
104440,95015,72.7277
95015,104440,72.7277
72164,100892,57.1875
100892,72164,57.1875
101730,16212,58.4083
16212,101730,58.4083
68709,103687,57.1391
103687,68709,57.1391
60071,111870,58.0713
111870,60071,58.0713
85420,38511,72.9788
38511,85420,72.9788
45608,58907,74.1997
58907,45608,74.1997
96287,119476,67.4649
119476,96287,67.4649
89367,8991,76.0394
8991,89367,76.0394
95202,86055,58.4157
86055,95202,58.4157
60450,44498,59.8819
44498,60450,59.8819
73221,120828,73.1840
120828,73221,73.1840
57607,27483,65.6109
27483,57607,65.6109
58271,53951,54.8551
53951,58271,54.8551
94353,102781,59.7941
102781,94353,59.7941
60327,7712,56.0699
7712,60327,56.0699
105256,68762,75.6700
68762,105256,75.6700
14830,87163,63.1820
87163,14830,63.1820
70212,26059,71.3757
26059,70212,71.3757
48615,24413,69.3726
24413,48615,69.3726
48610,70557,65.9749
70557,48610,65.9749
58998,59694,68.5866
59694,58998,68.5866
107913,16355,55.2855
16355,107913,55.2855
101515,26857,67.8691
26857,101515,67.8691
50108,87407,70.6794
87407,50108,70.6794
114331,61406,54.4339
61406,114331,54.4339
118944,100604,54.5881
100604,118944,54.5881
66544,89003,55.6421
89003,66544,55.6421
48610,17197,70.2982
17197,48610,70.2982
95199,90811,64.7494
90811,95199,64.7494
70073,24569,72.7494
24569,70073,72.7494
11190,19629,65.9070
19629,11190,65.9070
28986,92045,75.1429
92045,28986,75.1429
81114,78876,66.3380
78876,81114,66.3380
57956,119185,56.6114
119185,57956,56.6114
5112,119552,63.4842
119552,5112,63.4842
8352,58131,64.5400
58131,8352,64.5400
73220,4868,56.7390
4868,73220,56.7390
62013,118128,57.7110
118128,62013,57.7110
59840,109007,78.2696
109007,59840,78.2696
70861,56015,53.9517
56015,70861,53.9517
89582,12120,76.8769
12120,89582,76.8769
70695,80138,72.1149
80138,70695,72.1149
41226,5675,64.5798
5675,41226,64.5798
72706,45208,77.4533
45208,72706,77.4533
14965,111577,66.0867
111577,14965,66.0867
29034,81387,56.4953
81387,29034,56.4953
93306,104746,70.7651
104746,93306,70.7651
76748,9046,68.0555
9046,76748,68.0555
93426,99689,56.3750
99689,93426,56.3750
103307,96562,71.1945
96562,103307,71.1945
56441,100645,54.5732
100645,56441,54.5732
111651,43173,78.9732
43173,111651,78.9732
59638,102883,60.5388
102883,59638,60.5388
45778,4296,76.1199
4296,45778,76.1199
54870,103095,61.9154
103095,54870,61.9154
71130,104909,65.5870
104909,71130,65.5870
32691,85978,71.7844
85978,32691,71.7844
55961,3748,66.6859
3748,55961,66.6859
101728,68969,55.7480
68969,101728,55.7480
37834,58640,57.9455
58640,37834,57.9455
103275,78696,75.5492
78696,103275,75.5492
60450,56210,63.3132
56210,60450,63.3132
63006,99960,53.3604
99960,63006,53.3604
44606,94883,53.2670
94883,44606,53.2670
46259,106996,76.8795
106996,46259,76.8795
45645,10092,78.4262
10092,45645,78.4262
63138,57199,54.1899
57199,63138,54.1899
101806,82010,70.4012
82010,101806,70.4012
67951,26356,56.7267
26356,67951,56.7267
11190,115662,76.1344
115662,11190,76.1344
47396,34616,71.4087
34616,47396,71.4087
69962,47229,55.0594
47229,69962,55.0594
55368,115374,58.6444
115374,55368,58.6444
45520,109007,72.1094
109007,45520,72.1094
97385,111025,58.6161
111025,97385,58.6161
18690,65273,57.2339
65273,18690,57.2339
54589,3676,69.0690
3676,54589,69.0690
89595,41094,71.9916
41094,89595,71.9916
30569,99702,69.7165
99702,30569,69.7165
101775,87011,73.8571
87011,101775,73.8571
103746,90009,76.3038
90009,103746,76.3038
90984,111075,57.3566
111075,90984,57.3566
8726,76810,62.2314
76810,8726,62.2314
65419,16298,53.6579
16298,65419,53.6579
61845,100965,53.2276
100965,61845,53.2276
69677,110343,68.9077
110343,69677,68.9077
59854,61480,64.6837
61480,59854,64.6837
74932,64773,61.8969
64773,74932,61.8969
101774,74377,67.1296
74377,101774,67.1296
85007,114578,58.2549
114578,85007,58.2549
73377,43280,77.0297
43280,73377,77.0297
72680,44990,60.0775
44990,72680,60.0775
76355,76431,77.9980
76431,76355,77.9980
79925,1548,72.6334
1548,79925,72.6334
91652,101343,70.2564
101343,91652,70.2564
67734,97331,68.4820
97331,67734,68.4820
118962,3354,68.2708
3354,118962,68.2708
84118,117735,65.8033
117735,84118,65.8033
80519,233,60.4061
233,80519,60.4061
103793,87828,60.7644
87828,103793,60.7644
68775,82620,76.3836
82620,68775,76.3836
28939,28219,69.9222
28219,28939,69.9222
29881,117489,64.6572
117489,29881,64.6572
54081,53902,56.6737
53902,54081,56.6737
85686,15552,52.6847
15552,85686,52.6847
56920,39689,75.0177
39689,56920,75.0177
59160,75617,52.7782
75617,59160,52.7782
103922,93433,56.5259
93433,103922,56.5259
23749,36522,58.0542
36522,23749,58.0542
69270,44075,57.6044
44075,69270,57.6044
75131,25069,73.3332
25069,75131,73.3332
94353,100008,61.6779
100008,94353,61.6779
11065,23208,56.8697
23208,11065,56.8697
11484,91122,71.6567
91122,11484,71.6567
60083,110992,71.7206
110992,60083,71.7206
21550,93706,53.1452
93706,21550,53.1452
32601,93025,65.6260
93025,32601,65.6260
66823,82157,69.5833
82157,66823,69.5833
84008,84402,67.2333
84402,84008,67.2333
67945,42853,52.9727
42853,67945,52.9727
76746,93805,58.6249
93805,76746,58.6249
8352,99697,67.5510
99697,8352,67.5510
103799,22483,74.9602
22483,103799,74.9602
60557,58639,77.7674
58639,60557,77.7674
39380,110611,71.1589
110611,39380,71.1589
72164,59196,57.1914
59196,72164,57.1914
68759,97141,67.5585
97141,68759,67.5585
85419,41376,65.3958
41376,85419,65.3958
68027,34382,56.9295
34382,68027,56.9295
51593,87938,78.3083
87938,51593,78.3083
65278,51556,59.4863
51556,65278,59.4863
71328,23346,70.1849
23346,71328,70.1849
14467,38792,57.7883
38792,14467,57.7883
51961,99961,63.6806
99961,51961,63.6806
58535,111870,65.0101
111870,58535,65.0101
30060,88845,77.1053
88845,30060,77.1053
56337,100794,66.2654
100794,56337,66.2654
100077,24815,55.2141
24815,100077,55.2141
101837,55764,63.4895
55764,101837,63.4895
109918,15846,67.9456
15846,109918,67.9456
67147,14082,77.6992
14082,67147,77.6992
41226,92143,73.6539
92143,41226,73.6539
69258,36511,73.6846
36511,69258,73.6846
63766,85745,52.9549
85745,63766,52.9549
47332,86846,54.1263
86846,47332,54.1263
53485,9016,61.6742
9016,53485,61.6742
104069,9154,53.7236
9154,104069,53.7236
68651,46300,59.2127
46300,68651,59.2127
66107,43759,70.0117
43759,66107,70.0117
14475,103183,68.5461
103183,14475,68.5461
84463,34458,59.4163
34458,84463,59.4163
118301,44169,57.7706
44169,118301,57.7706
60798,54223,54.7276
54223,60798,54.7276
12219,107565,60.9393
107565,12219,60.9393
91000,89137,52.6766
89137,91000,52.6766
85420,100805,71.8102
100805,85420,71.8102
63728,72712,68.8704
72712,63728,68.8704
90070,90834,73.6162
90834,90070,73.6162
10918,96139,77.8884
96139,10918,77.8884
100123,34571,76.0149
34571,100123,76.0149
70003,62907,78.2085
62907,70003,78.2085
89587,42106,59.4387
42106,89587,59.4387
59830,22488,67.2110
22488,59830,67.2110
42807,86521,63.6067
86521,42807,63.6067
103808,99684,58.2705
99684,103808,58.2705
21550,3907,55.6056
3907,21550,55.6056
51532,42952,55.6688
42952,51532,55.6688
63062,2197,67.3361
2197,63062,67.3361
62890,70563,77.2651
70563,62890,77.2651
62279,99723,58.8569
99723,62279,58.8569
92091,114427,54.8049
114427,92091,54.8049
100439,69292,58.9604
69292,100439,58.9604
3400,55469,68.6070
55469,3400,68.6070
66525,71714,60.7635
71714,66525,60.7635
70826,112934,67.7966
112934,70826,67.7966
87336,106009,53.2264
106009,87336,53.2264
68027,91643,62.1283
91643,68027,62.1283
20886,74574,75.2733
74574,20886,75.2733
45788,68343,63.0252
68343,45788,63.0252
104409,15706,76.3658
15706,104409,76.3658
47474,99671,70.6900
99671,47474,70.6900
72866,100626,77.0624
100626,72866,77.0624
54596,105122,53.7244
105122,54596,53.7244
56104,9447,58.5480
9447,56104,58.5480
72337,115943,74.0235
115943,72337,74.0235
62580,29998,55.0550
29998,62580,55.0550
107323,114477,67.7860
114477,107323,67.7860
115611,92084,65.4226
92084,115611,65.4226
89696,53902,72.9668
53902,89696,72.9668
118433,120889,54.5625
120889,118433,54.5625
8897,29418,76.7714
29418,8897,76.7714
68677,118565,78.2240
118565,68677,78.2240
47483,86911,68.0173
86911,47483,68.0173
54859,4848,65.0805
4848,54859,65.0805
45627,30106,64.8277
30106,45627,64.8277
72583,71088,78.0546
71088,72583,78.0546
58570,42866,53.6409
42866,58570,53.6409
119427,92143,56.4628
92143,119427,56.4628
115173,17215,74.0157
17215,115173,74.0157
56338,48136,72.3103
48136,56338,72.3103
80179,9450,61.7125
9450,80179,61.7125
77937,84543,57.3303
84543,77937,57.3303
58228,91086,69.8991
91086,58228,69.8991
62013,60039,55.5691
60039,62013,55.5691
14965,31968,64.4876
31968,14965,64.4876
37007,99698,71.0335
99698,37007,71.0335
73221,86846,75.1275
86846,73221,75.1275
112249,40723,60.7479
40723,112249,60.7479
60926,39527,59.2518
39527,60926,59.2518
60444,14390,61.3288
14390,60444,61.3288
30118,105616,72.3921
105616,30118,72.3921
87336,72713,77.3640
72713,87336,77.3640
65285,108904,69.8702
108904,65285,69.8702
6021,21385,67.3639
21385,6021,67.3639
12782,120666,71.9334
120666,12782,71.9334
104309,37138,62.0178
37138,104309,62.0178
100185,23308,57.0913
23308,100185,57.0913
56751,63864,52.8242
63864,56751,52.8242
58963,117960,59.0534
117960,58963,59.0534
104146,96057,69.4676
96057,104146,69.4676
34149,32172,74.9209
32172,34149,74.9209
80441,65079,57.1641
65079,80441,57.1641
948,116979,61.2975
116979,948,61.2975
14418,61413,52.9165
61413,14418,52.9165
114331,99609,69.5961
99609,114331,69.5961
111441,22707,64.5431
22707,111441,64.5431
94878,46977,59.0625
46977,94878,59.0625
4347,112681,70.0272
112681,4347,70.0272
116939,24622,70.6421
24622,116939,70.6421
66485,16783,72.8929
16783,66485,72.8929
56849,26020,57.9309
26020,56849,57.9309
79979,92084,52.9737
92084,79979,52.9737
66247,114363,59.2617
114363,66247,59.2617
66082,99833,76.9782
99833,66082,76.9782
98080,64392,75.9348
64392,98080,75.9348
73221,90616,68.5751
90616,73221,68.5751
112293,74956,64.4843
74956,112293,64.4843
58924,43049,62.6523
43049,58924,62.6523
71579,7671,74.4382
7671,71579,74.4382
52086,10820,59.8525
10820,52086,59.8525
71328,111870,66.8836
111870,71328,66.8836
107323,108013,68.1948
108013,107323,68.1948
29034,64365,63.1069
64365,29034,63.1069
120042,289,63.6467
289,120042,63.6467
57668,28021,63.3899
28021,57668,63.3899
103228,20898,62.9934
20898,103228,62.9934
56546,99623,58.2069
99623,56546,58.2069
80008,83641,54.2475
83641,80008,54.2475
38974,107474,55.9034
107474,38974,55.9034
89695,29368,54.5472
29368,89695,54.5472
6811,28507,55.7633
28507,6811,55.7633
65511,109149,55.5842
109149,65511,55.5842
104307,7894,74.8379
7894,104307,74.8379
57596,27998,57.0059
27998,57596,57.0059
425,6181,62.5890
6181,425,62.5890
87075,17464,74.1600
17464,87075,74.1600
51160,73323,59.9381
73323,51160,59.9381
103798,40323,55.4451
40323,103798,55.4451
47330,65273,58.9814
65273,47330,58.9814
54081,116152,62.5959
116152,54081,62.5959
97468,64336,55.0302
64336,97468,55.0302
111708,120153,63.1427
120153,111708,63.1427
69784,24080,77.4191
24080,69784,77.4191
44606,107259,62.3115
107259,44606,62.3115
55833,93413,64.4921
93413,55833,64.4921
118150,100451,77.9588
100451,118150,77.9588
35881,14373,74.4821
14373,35881,74.4821
64184,87163,58.9991
87163,64184,58.9991
66544,40479,77.3517
40479,66544,77.3517
51524,56727,62.8682
56727,51524,62.8682
63727,34961,55.8840
34961,63727,55.8840
