Algorithm,Dataset,Time_Elapsed,Best_Value
ilp,dag122458_MEDIUM_4,496.44438886642456,328339.04509999644
