Algorithm,Dataset,Time_Elapsed,Best_Value
ilp,dag121037_MEDIUM_1,572.8329212665558,323218.52810000913
