Algorithm,Dataset,Time_Elapsed,Best_Value
ilp,dag122485_MEDIUM_4,452.66598629951477,334389.59560000006
