Algorithm,Dataset,Time_Elapsed,Best_Value
ilp,dag122485_MEDIUM_2,750.2206649780273,338356.09929999657
