Algorithm,Dataset,Time_Elapsed,Best_Value,Round
sghc,dag121037_MEDIUM_0,0.0,-inf,
sghc,dag121037_MEDIUM_0,1.5431864261627197,94366.12140000123,1.0
sghc,dag121037_MEDIUM_0,3.621396541595459,282432.77400000166,1.0
sghc,dag121037_MEDIUM_0,8.473356485366821,282963.208400002,4.0
sghc,dag121037_MEDIUM_0,10.36387038230896,283385.6739000007,5.0
sghc,dag121037_MEDIUM_0,13.036109447479248,283456.64080000075,6.0
sghc,dag121037_MEDIUM_0,22.282349348068237,284910.02590000123,11.0
sghc,dag121037_MEDIUM_0,1000.0,284910.02590000123,
