Algorithm,Dataset,Time_Elapsed,Best_Value,Round
qp,dag121037_MEDIUM_0,0.0,-inf,
qp,dag121037_MEDIUM_0,27.101449966430664,174313.61090000128,Threshold_0.80
qp,dag121037_MEDIUM_0,27.1889591217041,229506.08310000208,Threshold_0.65
qp,dag121037_MEDIUM_0,27.28519868850708,253974.46080000198,Threshold_0.60
qp,dag121037_MEDIUM_0,27.399607181549072,281863.4148000041,Threshold_0.50
qp,dag121037_MEDIUM_0,27.52517557144165,287102.45340000023,Threshold_0.40
qp,dag121037_MEDIUM_0,1000.0,287102.45340000023,
