Algorithm,Dataset,Time_Elapsed,Best_Value
ilp,dag122458_MEDIUM_3,545.1081321239471,329308.32240000163
